criteria_prescribing_txt_id,criteria_type,parameter_relationship,schedule_code
"7601","CLINICAL","ANY","3834"
"7603","CLINICAL","ANY","3834"
"7613","CLINICAL","ANY","3834"
"7701","CLINICAL","ANY","3834"
"7705","CLINICAL","ANY","3834"
"7715","TREATMENT","ANY","3834"
"7717","CLINICAL","ANY","3834"
"7719","CLINICAL","ANY","3834"
"7721","CLINICAL","ANY","3834"
"7723","CLINICAL","ANY","3834"
"7727","CLINICAL","ANY","3834"
"7736","TREATMENT","ANY","3834"
"7738","CLINICAL","ANY","3834"
"7745","CLINICAL","ANY","3834"
"7773","CLINICAL","ANY","3834"
"7779","CLINICAL","ANY","3834"
"7781","TREATMENT","ANY","3834"
"7792","CLINICAL","ANY","3834"
"7844","CLINICAL","ANY","3834"
"7848","CLINICAL","ANY","3834"
"7853","CLINICAL","ANY","3834"
"7855","CLINICAL","ANY","3834"
"7859","CLINICAL","ANY","3834"
"7863","TREATMENT","ANY","3834"
"7875","CLINICAL","ANY","3834"
"7880","CLINICAL","ANY","3834"
"7890","CLINICAL","ANY","3834"
"7897","CLINICAL","ANY","3834"
"7899","CLINICAL","ANY","3834"
"7904","CLINICAL","ANY","3834"
"7908","CLINICAL","ANY","3834"
"7910","CLINICAL","ANY","3834"
"7914","CLINICAL","ANY","3834"
"7916","CLINICAL","ANY","3834"
"7934","CLINICAL","ANY","3834"
"7970","CLINICAL","ANY","3834"
"7986","CLINICAL","ANY","3834"
"7989","CLINICAL","ANY","3834"
"7996","CLINICAL","ANY","3834"
"8002","CLINICAL","ANY","3834"
"8006","POPULATION","ANY","3834"
"8008","CLINICAL","ANY","3834"
"8013","CLINICAL","ANY","3834"
"8018","CLINICAL","ANY","3834"
"8024","CLINICAL","ANY","3834"
"8052","TREATMENT","ANY","3834"
"8057","CLINICAL","ANY","3834"
"8059","CLINICAL","ANY","3834"
"8066","CLINICAL","ANY","3834"
"8071","POPULATION","ANY","3834"
"8077","CLINICAL","ANY","3834"
"8092","CLINICAL","ANY","3834"
"8102","CLINICAL","ANY","3834"
"8104","CLINICAL","ANY","3834"
"8116","POPULATION","ANY","3834"
"8118","CLINICAL","ANY","3834"
"8129","CLINICAL","ANY","3834"
"8143","CLINICAL","ANY","3834"
"8148","CLINICAL","ANY","3834"
"8150","CLINICAL","ANY","3834"
"8173","CLINICAL","ANY","3834"
"8216","CLINICAL","ANY","3834"
"8220","CLINICAL","ANY","3834"
"8224","CLINICAL","ANY","3834"
"8226","CLINICAL","ANY","3834"
"8229","CLINICAL","ANY","3834"
"8233","CLINICAL","ANY","3834"
"8273","TREATMENT","ANY","3834"
"8277","CLINICAL","ANY","3834"
"8316","TREATMENT","ANY","3834"
"8319","CLINICAL","ANY","3834"
"8325","CLINICAL","ANY","3834"
"8337","CLINICAL","ANY","3834"
"8384","POPULATION","ANY","3834"
"8392","CLINICAL","ANY","3834"
"8409","CLINICAL","ANY","3834"
"8431","CLINICAL","ANY","3834"
"8484","CLINICAL","ANY","3834"
"8486","CLINICAL","ANY","3834"
"8491","CLINICAL","ANY","3834"
"8495","CLINICAL","ANY","3834"
"8497","CLINICAL","ANY","3834"
"8502","CLINICAL","ANY","3834"
"8504","CLINICAL","ANY","3834"
"8506","CLINICAL","ANY","3834"
"8509","CLINICAL","ANY","3834"
"8511","CLINICAL","ANY","3834"
"8514","CLINICAL","ANY","3834"
"8516","CLINICAL","ANY","3834"
"8518","CLINICAL","ANY","3834"
"8524","CLINICAL","ANY","3834"
"8530","CLINICAL","ANY","3834"
"8534","CLINICAL","ANY","3834"
"8539","CLINICAL","ANY","3834"
"8584","CLINICAL","ANY","3834"
"8594","CLINICAL","ANY","3834"
"8596","CLINICAL","ANY","3834"
"8598","CLINICAL","ANY","3834"
"8603","CLINICAL","ANY","3834"
"8605","CLINICAL","ANY","3834"
"8621","POPULATION","ANY","3834"
"8625","CLINICAL","ANY","3834"
"8657","TREATMENT","ANY","3834"
"8663","CLINICAL","ANY","3834"
"8665","POPULATION","ANY","3834"
"8678","CLINICAL","ANY","3834"
"8680","CLINICAL","ANY","3834"
"8685","CLINICAL","ANY","3834"
"8721","CLINICAL","ANY","3834"
"8726","CLINICAL","ANY","3834"
"8734","CLINICAL","ANY","3834"
"8738","CLINICAL","ANY","3834"
"8746","CLINICAL","ANY","3834"
"8751","CLINICAL","ANY","3834"
"8762","CLINICAL","ANY","3834"
"8767","CLINICAL","ANY","3834"
"8770","CLINICAL","ANY","3834"
"8774","CLINICAL","ANY","3834"
"8776","CLINICAL","ANY","3834"
"8780","CLINICAL","ANY","3834"
"8789","CLINICAL","ANY","3834"
"8796","CLINICAL","ANY","3834"
"9009","CLINICAL","ANY","3834"
"9019","CLINICAL","ANY","3834"
"9057","CLINICAL","ANY","3834"
"9059","CLINICAL","ANY","3834"
"9061","CLINICAL","ANY","3834"
"9063","CLINICAL","ANY","3834"
"9070","CLINICAL","ANY","3834"
"9084","POPULATION","ANY","3834"
"9089","CLINICAL","ANY","3834"
"9093","POPULATION","ANY","3834"
"9100","CLINICAL","ANY","3834"
"9104","CLINICAL","ANY","3834"
"9121","CLINICAL","ANY","3834"
"9123","CLINICAL","ANY","3834"
"9127","CLINICAL","ANY","3834"
"9136","CLINICAL","ANY","3834"
"9143","POPULATION","ANY","3834"
"9150","POPULATION","ANY","3834"
"9167","CLINICAL","ANY","3834"
"9169","POPULATION","ANY","3834"
"9173","CLINICAL","ANY","3834"
"9186","CLINICAL","ANY","3834"
"9188","POPULATION","ANY","3834"
"9206","TREATMENT","ANY","3834"
"9227","CLINICAL","ANY","3834"
"9245","CLINICAL","ANY","3834"
"9256","CLINICAL","ANY","3834"
"9261","TREATMENT","ANY","3834"
"9263","CLINICAL","ANY","3834"
"9265","CLINICAL","ANY","3834"
"9271","POPULATION","ANY","3834"
"9275","CLINICAL","ANY","3834"
"9336","CLINICAL","ANY","3834"
"9343","CLINICAL","ANY","3834"
"9345","CLINICAL","ANY","3834"
"9347","CLINICAL","ANY","3834"
"9349","CLINICAL","ANY","3834"
"9376","CLINICAL","ANY","3834"
"9378","CLINICAL","ANY","3834"
"9383","CLINICAL","ANY","3834"
"9399","CLINICAL","ANY","3834"
"9405","CLINICAL","ANY","3834"
"9415","CLINICAL","ANY","3834"
"9420","POPULATION","ANY","3834"
"9431","TREATMENT","ANY","3834"
"9433","TREATMENT","ANY","3834"
"9437","TREATMENT","ANY","3834"
"9439","CLINICAL","ANY","3834"
"9442","TREATMENT","ANY","3834"
"9445","TREATMENT","ANY","3834"
"9448","TREATMENT","ANY","3834"
"9451","CLINICAL","ANY","3834"
"9454","CLINICAL","ANY","3834"
"9457","CLINICAL","ANY","3834"
"9459","CLINICAL","ANY","3834"
"9461","CLINICAL","ANY","3834"
"9463","CLINICAL","ANY","3834"
"9465","CLINICAL","ANY","3834"
"9481","CLINICAL","ANY","3834"
"9507","CLINICAL","ANY","3834"
"9512","CLINICAL","ANY","3834"
"9515","CLINICAL","ANY","3834"
"9539","CLINICAL","ANY","3834"
"9544","CLINICAL","ANY","3834"
"9546","POPULATION","ANY","3834"
"9586","TREATMENT","ANY","3834"
"9591","TREATMENT","ANY","3834"
"9593","CLINICAL","ANY","3834"
"9596","CLINICAL","ANY","3834"
"9599","CLINICAL","ANY","3834"
"9602","CLINICAL","ANY","3834"
"9628","CLINICAL","ANY","3834"
"9653","CLINICAL","ANY","3834"
"9656","CLINICAL","ANY","3834"
"9662","CLINICAL","ANY","3834"
"9665","CLINICAL","ANY","3834"
"9673","CLINICAL","ANY","3834"
"9681","CLINICAL","ANY","3834"
"9692","CLINICAL","ANY","3834"
"9704","CLINICAL","ANY","3834"
"9708","CLINICAL","ANY","3834"
"9710","CLINICAL","ANY","3834"
"9727","CLINICAL","ANY","3834"
"9735","CLINICAL","ANY","3834"
"9740","CLINICAL","ANY","3834"
"9766","TREATMENT","ANY","3834"
"9768","CLINICAL","ANY","3834"
"9770","POPULATION","ANY","3834"
"9776","CLINICAL","ANY","3834"
"9780","CLINICAL","ANY","3834"
"9787","CLINICAL","ANY","3834"
"9792","TREATMENT","ANY","3834"
"9794","CLINICAL","ANY","3834"
"9800","TREATMENT","ANY","3834"
"9814","POPULATION","ANY","3834"
"9815","CLINICAL","ANY","3834"
"9825","CLINICAL","ANY","3834"
"9830","CLINICAL","ANY","3834"
"9833","CLINICAL","ANY","3834"
"9836","POPULATION","ANY","3834"
"9847","POPULATION","ANY","3834"
"9907","CLINICAL","ANY","3834"
"9911","POPULATION","ANY","3834"
"9914","CLINICAL","ANY","3834"
"9917","CLINICAL","ANY","3834"
"9948","CLINICAL","ANY","3834"
"9971","CLINICAL","ANY","3834"
"9980","CLINICAL","ANY","3834"
"9983","CLINICAL","ANY","3834"
"9985","CLINICAL","ANY","3834"
"10000","POPULATION","ANY","3834"
"10008","CLINICAL","ANY","3834"
"10053","CLINICAL","ANY","3834"
"10056","CLINICAL","ANY","3834"
"10070","CLINICAL","ANY","3834"
"10076","CLINICAL","ANY","3834"
"10082","CLINICAL","ANY","3834"
"10089","TREATMENT","ANY","3834"
"10112","TREATMENT","ANY","3834"
"10213","CLINICAL","ANY","3834"
"10217","CLINICAL","ANY","3834"
"10219","CLINICAL","ANY","3834"
"10235","TREATMENT","ANY","3834"
"10299","CLINICAL","ANY","3834"
"10329","CLINICAL","ANY","3834"
"10331","POPULATION","ANY","3834"
"10335","CLINICAL","ANY","3834"
"10347","CLINICAL","ANY","3834"
"10351","POPULATION","ANY","3834"
"10361","CLINICAL","ANY","3834"
"10363","CLINICAL","ANY","3834"
"10368","CLINICAL","ANY","3834"
"10386","TREATMENT","ANY","3834"
"10405","CLINICAL","ANY","3834"
"10433","CLINICAL","ANY","3834"
"10435","CLINICAL","ANY","3834"
"10438","CLINICAL","ANY","3834"
"10440","CLINICAL","ANY","3834"
"10448","CLINICAL","ANY","3834"
"10450","CLINICAL","ANY","3834"
"10456","CLINICAL","ANY","3834"
"10460","CLINICAL","ANY","3834"
"10463","CLINICAL","ANY","3834"
"10472","CLINICAL","ANY","3834"
"10475","TREATMENT","ANY","3834"
"10477","CLINICAL","ANY","3834"
"10541","TREATMENT","ANY","3834"
"10594","CLINICAL","ANY","3834"
"10601","CLINICAL","ANY","3834"
"10620","CLINICAL","ANY","3834"
"10658","POPULATION","ANY","3834"
"10659","CLINICAL","ANY","3834"
"10660","CLINICAL","ANY","3834"
"10662","CLINICAL","ANY","3834"
"10667","CLINICAL","ANY","3834"
"10687","CLINICAL","ANY","3834"
"10727","CLINICAL","ANY","3834"
"10749","CLINICAL","ANY","3834"
"10751","CLINICAL","ANY","3834"
"10753","CLINICAL","ANY","3834"
"10757","CLINICAL","ANY","3834"
"10759","CLINICAL","ANY","3834"
"10765","CLINICAL","ANY","3834"
"10767","CLINICAL","ANY","3834"
"10771","CLINICAL","ANY","3834"
"10773","CLINICAL","ANY","3834"
"10776","CLINICAL","ANY","3834"
"10778","CLINICAL","ANY","3834"
"10780","CLINICAL","ANY","3834"
"10782","CLINICAL","ANY","3834"
"10788","CLINICAL","ANY","3834"
"10790","POPULATION","ANY","3834"
"10796","CLINICAL","ANY","3834"
"10800","CLINICAL","ANY","3834"
"10828","CLINICAL","ANY","3834"
"10832","CLINICAL","ANY","3834"
"10842","POPULATION","ANY","3834"
"10848","CLINICAL","ANY","3834"
"10859","CLINICAL","ANY","3834"
"10861","CLINICAL","ANY","3834"
"10877","CLINICAL","ANY","3834"
"10880","CLINICAL","ANY","3834"
"10947","CLINICAL","ANY","3834"
"10959","CLINICAL","ANY","3834"
"10961","CLINICAL","ANY","3834"
"10963","CLINICAL","ANY","3834"
"10972","CLINICAL","ANY","3834"
"10987","CLINICAL","ANY","3834"
"10999","CLINICAL","ANY","3834"
"11106","CLINICAL","ANY","3834"
"11155","CLINICAL","ANY","3834"
"11189","CLINICAL","ANY","3834"
"11196","CLINICAL","ANY","3834"
"11203","CLINICAL","ANY","3834"
"11212","CLINICAL","ANY","3834"
"11237","CLINICAL","ANY","3834"
"11245","CLINICAL","ANY","3834"
"11253","CLINICAL","ANY","3834"
"11262","CLINICAL","ANY","3834"
"11280","TREATMENT","ANY","3834"
"11294","TREATMENT","ANY","3834"
"11308","CLINICAL","ANY","3834"
"11327","CLINICAL","ANY","3834"
"11332","TREATMENT","ANY","3834"
"11365","CLINICAL","ANY","3834"
"11371","CLINICAL","ANY","3834"
"11381","CLINICAL","ANY","3834"
"11383","CLINICAL","ANY","3834"
"11389","CLINICAL","ANY","3834"
"11404","CLINICAL","ANY","3834"
"11406","POPULATION","ANY","3834"
"11438","CLINICAL","ANY","3834"
"11466","CLINICAL","ANY","3834"
"11475","CLINICAL","ANY","3834"
"11476","CLINICAL","ANY","3834"
"11478","CLINICAL","ANY","3834"
"11485","CLINICAL","ANY","3834"
"11494","CLINICAL","ANY","3834"
"11496","CLINICAL","ANY","3834"
"11501","CLINICAL","ANY","3834"
"11507","CLINICAL","ANY","3834"
"11510","CLINICAL","ANY","3834"
"11518","CLINICAL","ANY","3834"
"11530","CLINICAL","ANY","3834"
"11535","CLINICAL","ANY","3834"
"11538","CLINICAL","ANY","3834"
"11569","CLINICAL","ANY","3834"
"11571","CLINICAL","ANY","3834"
"11573","CLINICAL","ANY","3834"
"11593","CLINICAL","ANY","3834"
"11600","CLINICAL","ANY","3834"
"11607","CLINICAL","ANY","3834"
"11611","CLINICAL","ANY","3834"
"11646","CLINICAL","ANY","3834"
"11670","CLINICAL","ANY","3834"
"11694","CLINICAL","ANY","3834"
"11726","CLINICAL","ANY","3834"
"11728","CLINICAL","ANY","3834"
"11730","CLINICAL","ANY","3834"
"11750","CLINICAL","ANY","3834"
"11754","CLINICAL","ANY","3834"
"11775","CLINICAL","ANY","3834"
"11786","CLINICAL","ANY","3834"
"11797","CLINICAL","ANY","3834"
"11891","CLINICAL","ANY","3834"
"11916","CLINICAL","ANY","3834"
"11930","CLINICAL","ANY","3834"
"11978","CLINICAL","ANY","3834"
"11980","CLINICAL","ANY","3834"
"11983","CLINICAL","ANY","3834"
"11989","CLINICAL","ANY","3834"
"12000","CLINICAL","ANY","3834"
"12002","CLINICAL","ANY","3834"
"12028","CLINICAL","ANY","3834"
"12049","CLINICAL","ANY","3834"
"12113","POPULATION","ANY","3834"
"12127","CLINICAL","ANY","3834"
"12134","CLINICAL","ANY","3834"
"12147","CLINICAL","ANY","3834"
"12170","CLINICAL","ANY","3834"
"12172","CLINICAL","ANY","3834"
"12174","CLINICAL","ANY","3834"
"12178","CLINICAL","ANY","3834"
"12180","CLINICAL","ANY","3834"
"12183","CLINICAL","ANY","3834"
"12185","CLINICAL","ANY","3834"
"12187","CLINICAL","ANY","3834"
"12201","CLINICAL","ANY","3834"
"12233","CLINICAL","ANY","3834"
"12247","CLINICAL","ANY","3834"
"12256","CLINICAL","ANY","3834"
"12273","CLINICAL","ANY","3834"
"12275","POPULATION","ANY","3834"
"12278","CLINICAL","ANY","3834"
"12280","CLINICAL","ANY","3834"
"12315","POPULATION","ANY","3834"
"12323","CLINICAL","ANY","3834"
"12325","CLINICAL","ANY","3834"
"12372","CLINICAL","ANY","3834"
"12389","CLINICAL","ANY","3834"
"12429","CLINICAL","ANY","3834"
"12530","CLINICAL","ANY","3834"
"12537","CLINICAL","ANY","3834"
"12680","CLINICAL","ANY","3834"
"12683","CLINICAL","ANY","3834"
"12686","CLINICAL","ANY","3834"
"12689","CLINICAL","ANY","3834"
"12736","CLINICAL","ANY","3834"
"12740","CLINICAL","ANY","3834"
"12756","CLINICAL","ANY","3834"
"12768","CLINICAL","ANY","3834"
"12771","CLINICAL","ANY","3834"
"12783","CLINICAL","ANY","3834"
"12786","CLINICAL","ANY","3834"
"12808","CLINICAL","ANY","3834"
"12842","CLINICAL","ANY","3834"
"12848","CLINICAL","ANY","3834"
"12862","TREATMENT","ANY","3834"
"12906","CLINICAL","ANY","3834"
"12908","CLINICAL","ANY","3834"
"12924","CLINICAL","ANY","3834"
"12955","CLINICAL","ANY","3834"
"12971","CLINICAL","ANY","3834"
"13010","CLINICAL","ANY","3834"
"13012","CLINICAL","ANY","3834"
"13020","CLINICAL","ANY","3834"
"13023","CLINICAL","ANY","3834"
"13025","CLINICAL","ANY","3834"
"13028","CLINICAL","ANY","3834"
"13035","CLINICAL","ANY","3834"
"13037","CLINICAL","ANY","3834"
"13045","CLINICAL","ANY","3834"
"13049","CLINICAL","ANY","3834"
"13053","CLINICAL","ANY","3834"
"13069","POPULATION","ANY","3834"
"13089","CLINICAL","ANY","3834"
"13093","CLINICAL","ANY","3834"
"13118","CLINICAL","ANY","3834"
"13120","CLINICAL","ANY","3834"
"13127","CLINICAL","ANY","3834"
"13131","CLINICAL","ANY","3834"
"13134","CLINICAL","ANY","3834"
"13190","CLINICAL","ANY","3834"
"13249","CLINICAL","ANY","3834"
"13253","CLINICAL","ANY","3834"
"13277","CLINICAL","ANY","3834"
"13328","CLINICAL","ANY","3834"
"13348","CLINICAL","ANY","3834"
"13389","CLINICAL","ANY","3834"
"13400","CLINICAL","ANY","3834"
"13403","CLINICAL","ANY","3834"
"13411","CLINICAL","ANY","3834"
"13418","CLINICAL","ANY","3834"
"13422","CLINICAL","ANY","3834"
"13453","CLINICAL","ANY","3834"
"13488","CLINICAL","ANY","3834"
"13493","CLINICAL","ANY","3834"
"13552","CLINICAL","ANY","3834"
"13561","CLINICAL","ANY","3834"
"13580","TREATMENT","ANY","3834"
"13591","TREATMENT","ANY","3834"
"13595","TREATMENT","ANY","3834"
"13606","POPULATION","ANY","3834"
"13622","CLINICAL","ANY","3834"
"13627","CLINICAL","ANY","3834"
"13652","CLINICAL","ANY","3834"
"13669","CLINICAL","ANY","3834"
"13671","CLINICAL","ANY","3834"
"13699","CLINICAL","ANY","3834"
"13707","CLINICAL","ANY","3834"
"13721","CLINICAL","ANY","3834"
"13733","CLINICAL","ANY","3834"
"13740","CLINICAL","ANY","3834"
"13744","CLINICAL","ANY","3834"
"13769","TREATMENT","ANY","3834"
"13778","CLINICAL","ANY","3834"
"13792","TREATMENT","ANY","3834"
"13797","CLINICAL","ANY","3834"
"13812","POPULATION","ANY","3834"
"13818","CLINICAL","ANY","3834"
"13820","CLINICAL","ANY","3834"
"13829","CLINICAL","ANY","3834"
"13878","CLINICAL","ANY","3834"
"13881","CLINICAL","ANY","3834"
"13889","CLINICAL","ANY","3834"
"13920","CLINICAL","ANY","3834"
"13923","CLINICAL","ANY","3834"
"13928","CLINICAL","ANY","3834"
"13935","CLINICAL","ANY","3834"
"13937","CLINICAL","ANY","3834"
"13941","CLINICAL","ANY","3834"
"13945","CLINICAL","ANY","3834"
"13951","CLINICAL","ANY","3834"
"13956","CLINICAL","ANY","3834"
"13972","CLINICAL","ANY","3834"
"14012","CLINICAL","ANY","3834"
"14014","POPULATION","ANY","3834"
"14016","CLINICAL","ANY","3834"
"14020","CLINICAL","ANY","3834"
"14023","CLINICAL","ANY","3834"
"14026","CLINICAL","ANY","3834"
"14029","CLINICAL","ANY","3834"
"14033","CLINICAL","ANY","3834"
"14045","CLINICAL","ANY","3834"
"14047","CLINICAL","ANY","3834"
"14079","CLINICAL","ANY","3834"
"14093","CLINICAL","ANY","3834"
"14105","POPULATION","ANY","3834"
"14116","POPULATION","ANY","3834"
"14138","CLINICAL","ANY","3834"
"14145","POPULATION","ANY","3834"
"14175","CLINICAL","ANY","3834"
"14181","CLINICAL","ANY","3834"
"14186","POPULATION","ANY","3834"
"14189","CLINICAL","ANY","3834"
"14203","CLINICAL","ANY","3834"
"14210","CLINICAL","ANY","3834"
"14212","CLINICAL","ANY","3834"
"14259","CLINICAL","ANY","3834"
"14262","CLINICAL","ANY","3834"
"14265","CLINICAL","ANY","3834"
"14285","CLINICAL","ANY","3834"
"14290","CLINICAL","ANY","3834"
"14314","CLINICAL","ANY","3834"
"14321","CLINICAL","ANY","3834"
"14324","CLINICAL","ANY","3834"
"14333","CLINICAL","ANY","3834"
"14351","CLINICAL","ANY","3834"
"14353","CLINICAL","ANY","3834"
"14357","CLINICAL","ANY","3834"
"14361","CLINICAL","ANY","3834"
"14364","CLINICAL","ANY","3834"
"14366","CLINICAL","ANY","3834"
"14374","CLINICAL","ANY","3834"
"14383","CLINICAL","ANY","3834"
"14393","CLINICAL","ANY","3834"
"14413","CLINICAL","ANY","3834"
"14416","CLINICAL","ANY","3834"
"14420","CLINICAL","ANY","3834"
"14424","CLINICAL","ANY","3834"
"14426","CLINICAL","ANY","3834"
"14433","CLINICAL","ANY","3834"
"14439","CLINICAL","ANY","3834"
"14461","CLINICAL","ANY","3834"
"14472","CLINICAL","ANY","3834"
"14475","CLINICAL","ANY","3834"
"14480","CLINICAL","ANY","3834"
"14494","CLINICAL","ANY","3834"
"14509","CLINICAL","ANY","3834"
"14516","CLINICAL","ANY","3834"
"14521","POPULATION","ANY","3834"
"14525","CLINICAL","ANY","3834"
"14529","CLINICAL","ANY","3834"
"14533","CLINICAL","ANY","3834"
"14535","CLINICAL","ANY","3834"
"14565","CLINICAL","ANY","3834"
"14569","CLINICAL","ANY","3834"
"14571","CLINICAL","ANY","3834"
"14578","CLINICAL","ANY","3834"
"14591","CLINICAL","ANY","3834"
"14596","CLINICAL","ANY","3834"
"14599","CLINICAL","ANY","3834"
"14603","CLINICAL","ANY","3834"
"14606","CLINICAL","ANY","3834"
"14611","CLINICAL","ANY","3834"
"14627","CLINICAL","ANY","3834"
"14630","CLINICAL","ANY","3834"
"14634","CLINICAL","ANY","3834"
"14636","CLINICAL","ANY","3834"
"14638","CLINICAL","ANY","3834"
"14644","CLINICAL","ANY","3834"
"14648","CLINICAL","ANY","3834"
"14650","CLINICAL","ANY","3834"
"14654","CLINICAL","ANY","3834"
"14665","CLINICAL","ANY","3834"
"14667","CLINICAL","ANY","3834"
"14669","CLINICAL","ANY","3834"
"14671","CLINICAL","ANY","3834"
"14673","CLINICAL","ANY","3834"
"14681","CLINICAL","ANY","3834"
"14684","CLINICAL","ANY","3834"
"14686","CLINICAL","ANY","3834"
"14690","CLINICAL","ANY","3834"
"14693","CLINICAL","ANY","3834"
"14716","CLINICAL","ANY","3834"
"14721","CLINICAL","ANY","3834"
"14731","CLINICAL","ANY","3834"
"14753","CLINICAL","ANY","3834"
"14755","CLINICAL","ANY","3834"
"14759","CLINICAL","ANY","3834"
"14783","CLINICAL","ANY","3834"
"14798","CLINICAL","ANY","3834"
"14809","CLINICAL","ANY","3834"
"14816","CLINICAL","ANY","3834"
"14825","CLINICAL","ANY","3834"
"14827","CLINICAL","ANY","3834"
"14831","CLINICAL","ANY","3834"
"14832","TREATMENT","ANY","3834"
"14847","CLINICAL","ANY","3834"
"14871","CLINICAL","ANY","3834"
"14874","CLINICAL","ANY","3834"
"14881","CLINICAL","ANY","3834"
"14886","CLINICAL","ANY","3834"
"14896","CLINICAL","ANY","3834"
"14900","CLINICAL","ANY","3834"
"14910","CLINICAL","ANY","3834"
"14912","CLINICAL","ANY","3834"
"14914","CLINICAL","ANY","3834"
"14918","CLINICAL","ANY","3834"
"14922","CLINICAL","ANY","3834"
"14928","CLINICAL","ANY","3834"
"14930","CLINICAL","ANY","3834"
"14952","CLINICAL","ANY","3834"
"14958","CLINICAL","ANY","3834"
"14963","POPULATION","ANY","3834"
"14968","CLINICAL","ANY","3834"
"14971","CLINICAL","ANY","3834"
"14974","CLINICAL","ANY","3834"
"14979","CLINICAL","ANY","3834"
"14989","CLINICAL","ANY","3834"
"14991","CLINICAL","ANY","3834"
"14996","CLINICAL","ANY","3834"
"14999","CLINICAL","ANY","3834"
"15063","CLINICAL","ANY","3834"
"15066","POPULATION","ANY","3834"
"15069","CLINICAL","ANY","3834"
"15071","CLINICAL","ANY","3834"
"15074","CLINICAL","ANY","3834"
"15088","POPULATION","ANY","3834"
"15098","CLINICAL","ANY","3834"
"15103","CLINICAL","ANY","3834"
"15105","CLINICAL","ANY","3834"
"15160","CLINICAL","ANY","3834"
"15171","CLINICAL","ANY","3834"
"15178","CLINICAL","ANY","3834"
"15197","TREATMENT","ANY","3834"
"15199","CLINICAL","ANY","3834"
"15208","TREATMENT","ANY","3834"
"15215","TREATMENT","ANY","3834"
"15220","TREATMENT","ANY","3834"
"15229","CLINICAL","ANY","3834"
"15231","TREATMENT","ANY","3834"
"15234","CLINICAL","ANY","3834"
"15241","TREATMENT","ANY","3834"
"15250","CLINICAL","ANY","3834"
"15254","CLINICAL","ANY","3834"
"15257","CLINICAL","ANY","3834"
"15265","CLINICAL","ANY","3834"
"15271","CLINICAL","ANY","3834"
"15273","TREATMENT","ANY","3834"
"15276","CLINICAL","ANY","3834"
"15280","CLINICAL","ANY","3834"
"15286","CLINICAL","ANY","3834"
"15288","TREATMENT","ANY","3834"
"15296","CLINICAL","ANY","3834"
"15299","TREATMENT","ANY","3834"
"15303","CLINICAL","ANY","3834"
"15309","CLINICAL","ANY","3834"
"15311","CLINICAL","ANY","3834"
"15314","CLINICAL","ANY","3834"
"15322","CLINICAL","ANY","3834"
"15325","CLINICAL","ANY","3834"
"15344","CLINICAL","ANY","3834"
"15346","CLINICAL","ANY","3834"
"15348","CLINICAL","ANY","3834"
"15388","CLINICAL","ANY","3834"
"15394","POPULATION","ANY","3834"
"15437","CLINICAL","ANY","3834"
"15439","CLINICAL","ANY","3834"
"15445","CLINICAL","ANY","3834"
"15452","CLINICAL","ANY","3834"
"15470","CLINICAL","ANY","3834"
"15472","CLINICAL","ANY","3834"
"15475","CLINICAL","ANY","3834"
"15481","CLINICAL","ANY","3834"
"15487","CLINICAL","ANY","3834"
"15489","CLINICAL","ANY","3834"
"15491","CLINICAL","ANY","3834"
"15494","CLINICAL","ANY","3834"
"15553","CLINICAL","ANY","3834"
"15556","CLINICAL","ANY","3834"
"15558","CLINICAL","ANY","3834"
"15560","CLINICAL","ANY","3834"
"15564","CLINICAL","ANY","3834"
"15588","CLINICAL","ANY","3834"
"15629","CLINICAL","ANY","3834"
"15632","CLINICAL","ANY","3834"
"15649","CLINICAL","ANY","3834"
"15668","CLINICAL","ANY","3834"
"15689","CLINICAL","ANY","3834"
"15702","CLINICAL","ANY","3834"
"15704","CLINICAL","ANY","3834"
"15708","CLINICAL","ANY","3834"
"15711","CLINICAL","ANY","3834"
"15713","CLINICAL","ANY","3834"
"15730","CLINICAL","ANY","3834"
"15740","CLINICAL","ANY","3834"
"15742","CLINICAL","ANY","3834"
"15744","CLINICAL","ANY","3834"
"15794","CLINICAL","ANY","3834"
"15803","CLINICAL","ANY","3834"
"15831","CLINICAL","ANY","3834"
"15860","CLINICAL","ANY","3834"
"15882","CLINICAL","ANY","3834"
"15885","TREATMENT","ANY","3834"
"15900","CLINICAL","ANY","3834"
"15907","CLINICAL","ANY","3834"
"15915","CLINICAL","ANY","3834"
"15919","CLINICAL","ANY","3834"
"15926","CLINICAL","ANY","3834"
"15974","POPULATION","ANY","3834"
"16025","CLINICAL","ANY","3834"
"16068","CLINICAL","ANY","3834"
"16071","CLINICAL","ANY","3834"
"16112","CLINICAL","ANY","3834"
"16113","CLINICAL","ANY","3834"
"16117","CLINICAL","ANY","3834"
"16119","CLINICAL","ANY","3834"
"16121","CLINICAL","ANY","3834"
"16126","CLINICAL","ANY","3834"
"16128","CLINICAL","ANY","3834"
"16136","CLINICAL","ANY","3834"
"16141","CLINICAL","ANY","3834"
"16144","CLINICAL","ANY","3834"
"16165","CLINICAL","ANY","3834"
"16174","CLINICAL","ANY","3834"
"16178","CLINICAL","ANY","3834"
"16277","CLINICAL","ANY","3834"
"16283","CLINICAL","ANY","3834"
"16285","CLINICAL","ANY","3834"
"16316","CLINICAL","ANY","3834"
"16334","CLINICAL","ANY","3834"
"16338","CLINICAL","ANY","3834"
"16346","CLINICAL","ANY","3834"
"16352","CLINICAL","ANY","3834"
"16374","CLINICAL","ANY","3834"
"16376","CLINICAL","ANY","3834"
"16378","CLINICAL","ANY","3834"
"16381","CLINICAL","ANY","3834"
"16385","CLINICAL","ANY","3834"
"16426","TREATMENT","ANY","3834"
"16451","CLINICAL","ANY","3834"
"16545","CLINICAL","ANY","3834"
"16615","CLINICAL","ANY","3834"
"16676","CLINICAL","ANY","3834"
"16685","CLINICAL","ANY","3834"
"16689","CLINICAL","ANY","3834"
"16694","CLINICAL","ANY","3834"
"16752","CLINICAL","ANY","3834"
"16764","CLINICAL","ANY","3834"
"16783","TREATMENT","ANY","3834"
"16790","CLINICAL","ANY","3834"
"16899","CLINICAL","ANY","3834"
"16916","CLINICAL","ANY","3834"
"16921","CLINICAL","ANY","3834"
"16935","CLINICAL","ANY","3834"
"16964","CLINICAL","ANY","3834"
"16976","TREATMENT","ANY","3834"
"16993","TREATMENT","ANY","3834"
"16996","CLINICAL","ANY","3834"
"17077","CLINICAL","ANY","3834"
"17079","CLINICAL","ANY","3834"
"17179","CLINICAL","ANY","3834"
"17181","CLINICAL","ANY","3834"
"17223","CLINICAL","ANY","3834"
"17229","CLINICAL","ANY","3834"
"17237","CLINICAL","ANY","3834"
"17273","CLINICAL","ANY","3834"
"17278","CLINICAL","ANY","3834"
"17307","CLINICAL","ANY","3834"
"17319","CLINICAL","ANY","3834"
"17321","CLINICAL","ANY","3834"
"17325","CLINICAL","ANY","3834"
"17327","CLINICAL","ANY","3834"
"17329","CLINICAL","ANY","3834"
"17345","CLINICAL","ANY","3834"
"17421","CLINICAL","ANY","3834"
"17431","CLINICAL","ANY","3834"
"17434","CLINICAL","ANY","3834"
"17498","CLINICAL","ANY","3834"
"17542","CLINICAL","ANY","3834"
"17550","CLINICAL","ANY","3834"
"17571","CLINICAL","ANY","3834"
"17583","CLINICAL","ANY","3834"
"17597","CLINICAL","ANY","3834"
"17604","CLINICAL","ANY","3834"
"17606","CLINICAL","ANY","3834"
"17608","CLINICAL","ANY","3834"
"17610","CLINICAL","ANY","3834"
"17614","CLINICAL","ANY","3834"
"17616","CLINICAL","ANY","3834"
"17618","CLINICAL","ANY","3834"
"17620","CLINICAL","ANY","3834"
"17622","CLINICAL","ANY","3834"
"17630","CLINICAL","ANY","3834"
"17632","CLINICAL","ANY","3834"
"17636","CLINICAL","ANY","3834"
"17643","CLINICAL","ANY","3834"
"17662","CLINICAL","ANY","3834"
"17664","CLINICAL","ANY","3834"
"17695","CLINICAL","ANY","3834"
"17702","CLINICAL","ANY","3834"
"17707","TREATMENT","ANY","3834"
"17715","CLINICAL","ANY","3834"
"17719","CLINICAL","ANY","3834"
"17732","CLINICAL","ANY","3834"
"17751","CLINICAL","ANY","3834"
"17755","CLINICAL","ANY","3834"
"17775","CLINICAL","ANY","3834"
"17866","CLINICAL","ANY","3834"
"17897","CLINICAL","ANY","3834"
"18008","TREATMENT","ANY","3834"
"18011","CLINICAL","ANY","3834"
"18018","CLINICAL","ANY","3834"
"18020","CLINICAL","ANY","3834"
"18066","POPULATION","ANY","3834"
"18085","CLINICAL","ANY","3834"
"18097","CLINICAL","ANY","3834"
"18099","CLINICAL","ANY","3834"
"18108","CLINICAL","ANY","3834"
"18130","CLINICAL","ANY","3834"
"18132","CLINICAL","ANY","3834"
"18135","CLINICAL","ANY","3834"
"18170","CLINICAL","ANY","3834"
"18202","CLINICAL","ANY","3834"
"18209","CLINICAL","ANY","3834"
"18278","CLINICAL","ANY","3834"
"18289","CLINICAL","ANY","3834"
"18320","CLINICAL","ANY","3834"
"18322","CLINICAL","ANY","3834"
"18330","CLINICAL","ANY","3834"
"18333","CLINICAL","ANY","3834"
"18335","CLINICAL","ANY","3834"
"18390","CLINICAL","ANY","3834"
"18392","CLINICAL","ANY","3834"
"18394","CLINICAL","ANY","3834"
"18397","CLINICAL","ANY","3834"
"18404","CLINICAL","ANY","3834"
"18414","CLINICAL","ANY","3834"
"18426","CLINICAL","ANY","3834"
"18428","CLINICAL","ANY","3834"
"18433","CLINICAL","ANY","3834"
"18435","CLINICAL","ANY","3834"
"18437","CLINICAL","ANY","3834"
"18441","CLINICAL","ANY","3834"
"18452","CLINICAL","ANY","3834"
"18454","CLINICAL","ANY","3834"
"18456","CLINICAL","ANY","3834"
"18458","CLINICAL","ANY","3834"
"18461","CLINICAL","ANY","3834"
"18478","CLINICAL","ANY","3834"
"18487","CLINICAL","ANY","3834"
"18496","CLINICAL","ANY","3834"
"18498","CLINICAL","ANY","3834"
"18499","CLINICAL","ANY","3834"
"18500","CLINICAL","ANY","3834"
"18505","CLINICAL","ANY","3834"
"18514","TREATMENT","ANY","3834"
"18601","CLINICAL","ANY","3834"
"18637","CLINICAL","ANY","3834"
"18699","CLINICAL","ANY","3834"
"18703","CLINICAL","ANY","3834"
"18715","CLINICAL","ANY","3834"
"18749","CLINICAL","ANY","3834"
"18779","CLINICAL","ANY","3834"
"18781","CLINICAL","ANY","3834"
"18787","CLINICAL","ANY","3834"
"18792","CLINICAL","ANY","3834"
"18794","CLINICAL","ANY","3834"
"18802","CLINICAL","ANY","3834"
"18808","CLINICAL","ANY","3834"
"18817","CLINICAL","ANY","3834"
"18850","CLINICAL","ANY","3834"
"18913","CLINICAL","ANY","3834"
"18916","CLINICAL","ANY","3834"
"18919","CLINICAL","ANY","3834"
"18922","CLINICAL","ANY","3834"
"18925","CLINICAL","ANY","3834"
"18928","CLINICAL","ANY","3834"
"18960","CLINICAL","ANY","3834"
"18986","TREATMENT","ANY","3834"
"18993","CLINICAL","ANY","3834"
"19154","CLINICAL","ANY","3834"
"19156","CLINICAL","ANY","3834"
"19158","CLINICAL","ANY","3834"
"19197","CLINICAL","ANY","3834"
"19201","CLINICAL","ANY","3834"
"19262","CLINICAL","ANY","3834"
"19265","CLINICAL","ANY","3834"
"19287","CLINICAL","ANY","3834"
"19289","CLINICAL","ANY","3834"
"19294","CLINICAL","ANY","3834"
"19302","CLINICAL","ANY","3834"
"19309","CLINICAL","ANY","3834"
"19311","CLINICAL","ANY","3834"
"19313","CLINICAL","ANY","3834"
"19316","CLINICAL","ANY","3834"
"19320","CLINICAL","ANY","3834"
"19322","CLINICAL","ANY","3834"
"19328","CLINICAL","ANY","3834"
"19332","CLINICAL","ANY","3834"
"19334","CLINICAL","ANY","3834"
"19338","CLINICAL","ANY","3834"
"19343","CLINICAL","ANY","3834"
"19351","CLINICAL","ANY","3834"
"19455","CLINICAL","ANY","3834"
"19465","CLINICAL","ANY","3834"
"19496","CLINICAL","ANY","3834"
"19569","CLINICAL","ANY","3834"
"19573","CLINICAL","ANY","3834"
"19579","CLINICAL","ANY","3834"
"19588","CLINICAL","ANY","3834"
"19591","CLINICAL","ANY","3834"
"19609","CLINICAL","ANY","3834"
"19633","POPULATION","ANY","3834"
"19637","CLINICAL","ANY","3834"
"19699","CLINICAL","ANY","3834"
"19705","CLINICAL","ANY","3834"
"19720","CLINICAL","ANY","3834"
"19744","POPULATION","ANY","3834"
"19801","CLINICAL","ANY","3834"
"19813","CLINICAL","ANY","3834"
"19815","CLINICAL","ANY","3834"
"19817","CLINICAL","ANY","3834"
"19825","CLINICAL","ANY","3834"
"19863","CLINICAL","ANY","3834"
"19866","CLINICAL","ANY","3834"
"19868","CLINICAL","ANY","3834"
"19870","CLINICAL","ANY","3834"
"19887","CLINICAL","ANY","3834"
"19890","CLINICAL","ANY","3834"
"19895","CLINICAL","ANY","3834"
"19903","CLINICAL","ANY","3834"
"19906","CLINICAL","ANY","3834"
"19908","CLINICAL","ANY","3834"
"19911","CLINICAL","ANY","3834"
"19913","TREATMENT","ANY","3834"
"19923","CLINICAL","ANY","3834"
"19936","CLINICAL","ANY","3834"
"20012","CLINICAL","ANY","3834"
"20066","CLINICAL","ANY","3834"
"20078","CLINICAL","ANY","3834"
"20126","CLINICAL","ANY","3834"
"20173","CLINICAL","ANY","3834"
"20192","CLINICAL","ANY","3834"
"20196","CLINICAL","ANY","3834"
"20223","CLINICAL","ANY","3834"
"20236","CLINICAL","ANY","3834"
"20239","CLINICAL","ANY","3834"
"20242","CLINICAL","ANY","3834"
"20245","CLINICAL","ANY","3834"
"20247","CLINICAL","ANY","3834"
"20251","CLINICAL","ANY","3834"
"20255","CLINICAL","ANY","3834"
"20258","CLINICAL","ANY","3834"
"20261","CLINICAL","ANY","3834"
"20267","CLINICAL","ANY","3834"
"20302","CLINICAL","ANY","3834"
"20350","CLINICAL","ANY","3834"
"20353","CLINICAL","ANY","3834"
"20356","CLINICAL","ANY","3834"
"20358","CLINICAL","ANY","3834"
"20360","CLINICAL","ANY","3834"
"20362","CLINICAL","ANY","3834"
"20370","CLINICAL","ANY","3834"
"20376","CLINICAL","ANY","3834"
"20378","CLINICAL","ANY","3834"
"20394","CLINICAL","ANY","3834"
"20430","CLINICAL","ANY","3834"
"20434","CLINICAL","ANY","3834"
"20436","CLINICAL","ANY","3834"
"20438","CLINICAL","ANY","3834"
"20454","CLINICAL","ANY","3834"
"20466","CLINICAL","ANY","3834"
"20470","CLINICAL","ANY","3834"
"20472","CLINICAL","ANY","3834"
"20477","CLINICAL","ANY","3834"
"20481","CLINICAL","ANY","3834"
"20499","POPULATION","ANY","3834"
"20532","CLINICAL","ANY","3834"
"20557","CLINICAL","ANY","3834"
"20559","CLINICAL","ANY","3834"
"20565","CLINICAL","ANY","3834"
"20586","CLINICAL","ANY","3834"
"20601","TREATMENT","ANY","3834"
"20603","TREATMENT","ANY","3834"
"20605","TREATMENT","ANY","3834"
"20617","CLINICAL","ANY","3834"
"20677","TREATMENT","ANY","3834"
"20699","CLINICAL","ANY","3834"
"20702","CLINICAL","ANY","3834"
"20709","CLINICAL","ANY","3834"
"20724","CLINICAL","ANY","3834"
"20732","CLINICAL","ANY","3834"
"20734","CLINICAL","ANY","3834"
"20737","CLINICAL","ANY","3834"
"20740","CLINICAL","ANY","3834"
"20745","CLINICAL","ANY","3834"
"20747","CLINICAL","ANY","3834"
"20748","TREATMENT","ANY","3834"
"20777","CLINICAL","ANY","3834"
"20780","CLINICAL","ANY","3834"
"20782","CLINICAL","ANY","3834"
"20826","CLINICAL","ANY","3834"
"20832","CLINICAL","ANY","3834"
"20840","CLINICAL","ANY","3834"
"20872","CLINICAL","ANY","3834"
"20882","CLINICAL","ANY","3834"
"20904","CLINICAL","ANY","3834"
"20921","CLINICAL","ANY","3834"
"20970","CLINICAL","ANY","3834"
"20974","CLINICAL","ANY","3834"
"21012","CLINICAL","ANY","3834"
"21020","CLINICAL","ANY","3834"
"21045","CLINICAL","ANY","3834"
"21060","CLINICAL","ANY","3834"
"21074","CLINICAL","ANY","3834"
"21086","CLINICAL","ANY","3834"
"21088","CLINICAL","ANY","3834"
"21090","CLINICAL","ANY","3834"
"21104","CLINICAL","ANY","3834"
"21121","CLINICAL","ANY","3834"
"21213","CLINICAL","ANY","3834"
"21218","CLINICAL","ANY","3834"
"21261","CLINICAL","ANY","3834"
"21292","CLINICAL","ANY","3834"
"21297","CLINICAL","ANY","3834"
"21336","CLINICAL","ANY","3834"
"21339","CLINICAL","ANY","3834"
"21343","CLINICAL","ANY","3834"
"21405","CLINICAL","ANY","3834"
"21408","CLINICAL","ANY","3834"
"21415","CLINICAL","ANY","3834"
"21417","CLINICAL","ANY","3834"
"21418","POPULATION","ANY","3834"
"21420","CLINICAL","ANY","3834"
"21440","CLINICAL","ANY","3834"
"21450","CLINICAL","ANY","3834"
"21473","CLINICAL","ANY","3834"
"21475","CLINICAL","ANY","3834"
"21492","CLINICAL","ANY","3834"
"21499","CLINICAL","ANY","3834"
"21503","CLINICAL","ANY","3834"
"21505","CLINICAL","ANY","3834"
"21513","CLINICAL","ANY","3834"
"21535","CLINICAL","ANY","3834"
"21539","CLINICAL","ANY","3834"
"21552","CLINICAL","ANY","3834"
"21573","CLINICAL","ANY","3834"
"21592","CLINICAL","ANY","3834"
"21594","CLINICAL","ANY","3834"
"21601","CLINICAL","ANY","3834"
"21603","CLINICAL","ANY","3834"
"21613","CLINICAL","ANY","3834"
"21632","CLINICAL","ANY","3834"
"21639","CLINICAL","ANY","3834"
"21642","CLINICAL","ANY","3834"
"21672","CLINICAL","ANY","3834"
"21690","CLINICAL","ANY","3834"
"21736","CLINICAL","ANY","3834"
"21759","CLINICAL","ANY","3834"
"21761","CLINICAL","ANY","3834"
"21807","CLINICAL","ANY","3834"
"21809","CLINICAL","ANY","3834"
"21814","CLINICAL","ANY","3834"
"21826","CLINICAL","ANY","3834"
"21894","CLINICAL","ANY","3834"
"21932","TREATMENT","ANY","3834"
"21982","CLINICAL","ANY","3834"
"21987","CLINICAL","ANY","3834"
"21995","CLINICAL","ANY","3834"
"22004","CLINICAL","ANY","3834"
"22007","CLINICAL","ANY","3834"
"22009","CLINICAL","ANY","3834"
"22020","CLINICAL","ANY","3834"
"22036","CLINICAL","ANY","3834"
"22054","CLINICAL","ANY","3834"
"22066","CLINICAL","ANY","3834"
"22079","CLINICAL","ANY","3834"
"22083","POPULATION","ANY","3834"
"22093","TREATMENT","ANY","3834"
"22104","CLINICAL","ANY","3834"
"22123","CLINICAL","ANY","3834"
"22154","CLINICAL","ANY","3834"
"22195","CLINICAL","ANY","3834"
"22196","CLINICAL","ANY","3834"
"22201","POPULATION","ANY","3834"
"22211","CLINICAL","ANY","3834"
"22213","CLINICAL","ANY","3834"
"22219","CLINICAL","ANY","3834"
"22228","CLINICAL","ANY","3834"
"22230","CLINICAL","ANY","3834"
"22241","CLINICAL","ANY","3834"
"22252","CLINICAL","ANY","3834"
"22277","CLINICAL","ANY","3834"
"22296","CLINICAL","ANY","3834"
"22300","CLINICAL","ANY","3834"
"22307","CLINICAL","ANY","3834"
"22316","CLINICAL","ANY","3834"
"22395","CLINICAL","ANY","3834"
"22397","TREATMENT","ANY","3834"
"22401","CLINICAL","ANY","3834"
"22435","POPULATION","ANY","3834"
"22441","CLINICAL","ANY","3834"
"22461","CLINICAL","ANY","3834"
"22512","CLINICAL","ANY","3834"
"22519","CLINICAL","ANY","3834"
"22539","CLINICAL","ANY","3834"
"22565","CLINICAL","ANY","3834"
"22573","CLINICAL","ANY","3834"
"22594","CLINICAL","ANY","3834"
"22601","CLINICAL","ANY","3834"
"22611","CLINICAL","ANY","3834"
"22616","POPULATION","ANY","3834"
"22637","CLINICAL","ANY","3834"
"22650","CLINICAL","ANY","3834"
"22652","CLINICAL","ANY","3834"
"22654","CLINICAL","ANY","3834"
"22666","CLINICAL","ANY","3834"
"22668","CLINICAL","ANY","3834"
"22670","CLINICAL","ANY","3834"
"22675","CLINICAL","ANY","3834"
"22677","CLINICAL","ANY","3834"
"22678","CLINICAL","ANY","3834"
"22681","CLINICAL","ANY","3834"
"22686","CLINICAL","ANY","3834"
"22688","TREATMENT","ANY","3834"
"22690","TREATMENT","ANY","3834"
"22692","POPULATION","ANY","3834"
"22694","CLINICAL","ANY","3834"
"22710","CLINICAL","ANY","3834"
"22738","CLINICAL","ANY","3834"
"22743","TREATMENT","ANY","3834"
"22768","CLINICAL","ANY","3834"
"22770","CLINICAL","ANY","3834"
"22792","TREATMENT","ANY","3834"
"22831","CLINICAL","ANY","3834"
"22852","CLINICAL","ANY","3834"
"22958","CLINICAL","ANY","3834"
"22968","CLINICAL","ANY","3834"
"22972","CLINICAL","ANY","3834"
"22974","CLINICAL","ANY","3834"
"22976","CLINICAL","ANY","3834"
"22978","CLINICAL","ANY","3834"
"22980","CLINICAL","ANY","3834"
"22982","CLINICAL","ANY","3834"
"22984","CLINICAL","ANY","3834"
"22985","TREATMENT","ANY","3834"
"22993","CLINICAL","ANY","3834"
"22995","POPULATION","ANY","3834"
"22999","CLINICAL","ANY","3834"
"23001","CLINICAL","ANY","3834"
"23004","CLINICAL","ANY","3834"
"23016","CLINICAL","ANY","3834"
"23018","CLINICAL","ANY","3834"
"23061","CLINICAL","ANY","3834"
"23067","CLINICAL","ANY","3834"
"23069","CLINICAL","ANY","3834"
"23084","CLINICAL","ANY","3834"
"23089","CLINICAL","ANY","3834"
"23102","CLINICAL","ANY","3834"
"23107","CLINICAL","ANY","3834"
"23110","CLINICAL","ANY","3834"
"23113","CLINICAL","ANY","3834"
"23131","CLINICAL","ANY","3834"
"23132","CLINICAL","ANY","3834"
"23133","CLINICAL","ANY","3834"
"23142","CLINICAL","ANY","3834"
"23146","CLINICAL","ANY","3834"
"23148","CLINICAL","ANY","3834"
"23150","CLINICAL","ANY","3834"
"23238","CLINICAL","ANY","3834"
"23275","CLINICAL","ANY","3834"
"23285","CLINICAL","ANY","3834"
"23294","CLINICAL","ANY","3834"
"23295","CLINICAL","ANY","3834"
"23296","CLINICAL","ANY","3834"
"23297","CLINICAL","ANY","3834"
"23298","CLINICAL","ANY","3834"
"23299","CLINICAL","ANY","3834"
"23303","CLINICAL","ANY","3834"
"23305","CLINICAL","ANY","3834"
"23307","CLINICAL","ANY","3834"
"23309","CLINICAL","ANY","3834"
"23317","CLINICAL","ANY","3834"
"23323","CLINICAL","ANY","3834"
"23330","CLINICAL","ANY","3834"
"23352","CLINICAL","ANY","3834"
"23356","CLINICAL","ANY","3834"
"23361","CLINICAL","ANY","3834"
"23370","CLINICAL","ANY","3834"
"23374","CLINICAL","ANY","3834"
"23381","CLINICAL","ANY","3834"
"23385","CLINICAL","ANY","3834"
"23391","CLINICAL","ANY","3834"
"23394","CLINICAL","ANY","3834"
"23397","CLINICAL","ANY","3834"
"23398","CLINICAL","ANY","3834"
"23403","CLINICAL","ANY","3834"
"23408","CLINICAL","ANY","3834"
"23414","CLINICAL","ANY","3834"
"23421","CLINICAL","ANY","3834"
"23429","CLINICAL","ANY","3834"
"23441","CLINICAL","ANY","3834"
"23446","CLINICAL","ANY","3834"
"23452","CLINICAL","ANY","3834"
"23453","CLINICAL","ANY","3834"
"23463","CLINICAL","ANY","3834"
"23466","CLINICAL","ANY","3834"
"23476","CLINICAL","ANY","3834"
"23481","CLINICAL","ANY","3834"
"23490","CLINICAL","ANY","3834"
"23499","CLINICAL","ANY","3834"
"23501","CLINICAL","ANY","3834"
"23538","CLINICAL","ANY","3834"
"23551","CLINICAL","ANY","3834"
"23574","CLINICAL","ANY","3834"
"23582","CLINICAL","ANY","3834"
"23588","CLINICAL","ANY","3834"
"23591","CLINICAL","ANY","3834"
"23596","CLINICAL","ANY","3834"
"23598","CLINICAL","ANY","3834"
"23599","CLINICAL","ANY","3834"
"23603","CLINICAL","ANY","3834"
"23605","CLINICAL","ANY","3834"
"23620","CLINICAL","ANY","3834"
"23622","CLINICAL","ANY","3834"
"23632","CLINICAL","ANY","3834"
"23635","CLINICAL","ANY","3834"
"23640","CLINICAL","ANY","3834"
"23656","CLINICAL","ANY","3834"
"23661","CLINICAL","ANY","3834"
"23663","CLINICAL","ANY","3834"
"23677","CLINICAL","ANY","3834"
"23679","CLINICAL","ANY","3834"
"23680","CLINICAL","ANY","3834"
"23682","CLINICAL","ANY","3834"
"23685","CLINICAL","ANY","3834"
"23692","CLINICAL","ANY","3834"
"23696","CLINICAL","ANY","3834"
"23716","CLINICAL","ANY","3834"
"23722","CLINICAL","ANY","3834"
"23732","CLINICAL","ANY","3834"
"23753","CLINICAL","ANY","3834"
"23760","CLINICAL","ANY","3834"
"23762","CLINICAL","ANY","3834"
"23768","CLINICAL","ANY","3834"
"23770","CLINICAL","ANY","3834"
"23812","CLINICAL","ANY","3834"
"23822","CLINICAL","ANY","3834"
"23836","CLINICAL","ANY","3834"
"23853","CLINICAL","ANY","3834"
"23857","CLINICAL","ANY","3834"
"23869","TREATMENT","ANY","3834"
"23873","CLINICAL","ANY","3834"
"23895","CLINICAL","ANY","3834"
"23945","CLINICAL","ANY","3834"
"23947","CLINICAL","ANY","3834"
"23956","CLINICAL","ANY","3834"
"23959","CLINICAL","ANY","3834"
"23961","CLINICAL","ANY","3834"
"23970","CLINICAL","ANY","3834"
"23979","CLINICAL","ANY","3834"
"23982","CLINICAL","ANY","3834"
"23986","CLINICAL","ANY","3834"
"23988","TREATMENT","ANY","3834"
"23993","CLINICAL","ANY","3834"
"23995","CLINICAL","ANY","3834"
"24003","CLINICAL","ANY","3834"
"24015","CLINICAL","ANY","3834"
"24023","CLINICAL","ANY","3834"
"24029","CLINICAL","ANY","3834"
"24038","CLINICAL","ANY","3834"
"24059","CLINICAL","ANY","3834"
"24072","CLINICAL","ANY","3834"
"24106","CLINICAL","ANY","3834"
"24135","CLINICAL","ANY","3834"
"24142","TREATMENT","ANY","3834"
"24144","CLINICAL","ANY","3834"
"24148","CLINICAL","ANY","3834"
"24150","CLINICAL","ANY","3834"
"24155","CLINICAL","ANY","3834"
"24157","POPULATION","ANY","3834"
"24174","CLINICAL","ANY","3834"
"24176","CLINICAL","ANY","3834"
"24179","CLINICAL","ANY","3834"
"24183","CLINICAL","ANY","3834"
"24188","CLINICAL","ANY","3834"
"24200","CLINICAL","ANY","3834"
"24242","CLINICAL","ANY","3834"
"24244","CLINICAL","ANY","3834"
"24295","CLINICAL","ANY","3834"
"24303","CLINICAL","ANY","3834"
"24315","CLINICAL","ANY","3834"
"24321","CLINICAL","ANY","3834"
"24327","CLINICAL","ANY","3834"
"24329","CLINICAL","ANY","3834"
"24335","CLINICAL","ANY","3834"
"24340","CLINICAL","ANY","3834"
"24346","CLINICAL","ANY","3834"
"24348","CLINICAL","ANY","3834"
"24351","CLINICAL","ANY","3834"
"24393","CLINICAL","ANY","3834"
"24418","CLINICAL","ANY","3834"
"24431","POPULATION","ANY","3834"
"24434","CLINICAL","ANY","3834"
"24436","CLINICAL","ANY","3834"
"24438","CLINICAL","ANY","3834"
"24445","TREATMENT","ANY","3834"
"24492","CLINICAL","ANY","3834"
"24496","CLINICAL","ANY","3834"
"24513","CLINICAL","ANY","3834"
"24535","POPULATION","ANY","3834"
"24541","CLINICAL","ANY","3834"
"24557","TREATMENT","ANY","3834"
"24559","CLINICAL","ANY","3834"
"24561","CLINICAL","ANY","3834"
"24563","CLINICAL","ANY","3834"
"24565","CLINICAL","ANY","3834"
"24567","TREATMENT","ANY","3834"
"24571","CLINICAL","ANY","3834"
"24573","CLINICAL","ANY","3834"
"24575","CLINICAL","ANY","3834"
"24577","CLINICAL","ANY","3834"
"24579","CLINICAL","ANY","3834"
"24585","TREATMENT","ANY","3834"
"24587","CLINICAL","ANY","3834"
"24591","TREATMENT","ANY","3834"
"24600","CLINICAL","ANY","3834"
"24606","CLINICAL","ANY","3834"
"24608","CLINICAL","ANY","3834"
"24617","CLINICAL","ANY","3834"
"24642","CLINICAL","ANY","3834"
"24648","CLINICAL","ANY","3834"
"24660","CLINICAL","ANY","3834"
"24665","CLINICAL","ANY","3834"
"24681","CLINICAL","ANY","3834"
"24683","CLINICAL","ANY","3834"
"24686","CLINICAL","ANY","3834"
"24694","CLINICAL","ANY","3834"
"24698","CLINICAL","ANY","3834"
"24702","CLINICAL","ANY","3834"
"24708","CLINICAL","ANY","3834"
"24716","CLINICAL","ANY","3834"
"24755","CLINICAL","ANY","3834"
"24774","CLINICAL","ANY","3834"
"24778","CLINICAL","ANY","3834"
"24785","CLINICAL","ANY","3834"
"24787","CLINICAL","ANY","3834"
"24793","CLINICAL","ANY","3834"
"24796","CLINICAL","ANY","3834"
"24801","CLINICAL","ANY","3834"
"24803","CLINICAL","ANY","3834"
"24805","CLINICAL","ANY","3834"
"24813","CLINICAL","ANY","3834"
"24815","CLINICAL","ANY","3834"
"24817","CLINICAL","ANY","3834"
"24823","CLINICAL","ANY","3834"
"24826","CLINICAL","ANY","3834"
"24827","CLINICAL","ANY","3834"
"24838","CLINICAL","ANY","3834"
"24860","CLINICAL","ANY","3834"
"24868","CLINICAL","ANY","3834"
"24870","CLINICAL","ANY","3834"
"24876","CLINICAL","ANY","3834"
"24885","CLINICAL","ANY","3834"
"24891","CLINICAL","ANY","3834"
"24892","CLINICAL","ANY","3834"
"24893","CLINICAL","ANY","3834"
"24913","TREATMENT","ANY","3834"
"24939","CLINICAL","ANY","3834"
"24993","POPULATION","ANY","3834"
"25003","CLINICAL","ANY","3834"
"25015","CLINICAL","ANY","3834"
"25017","CLINICAL","ANY","3834"
"25019","CLINICAL","ANY","3834"
"25035","CLINICAL","ANY","3834"
"25039","CLINICAL","ANY","3834"
"25055","CLINICAL","ANY","3834"
"25069","CLINICAL","ANY","3834"
"25073","CLINICAL","ANY","3834"
"25093","CLINICAL","ANY","3834"
"25155","CLINICAL","ANY","3834"
"25162","CLINICAL","ANY","3834"
"25164","CLINICAL","ANY","3834"
"25171","POPULATION","ANY","3834"
"25173","CLINICAL","ANY","3834"
"25175","CLINICAL","ANY","3834"
"25177","CLINICAL","ANY","3834"
"25187","CLINICAL","ANY","3834"
"25191","CLINICAL","ANY","3834"
"25200","CLINICAL","ANY","3834"
"25202","CLINICAL","ANY","3834"
"25204","CLINICAL","ANY","3834"
"25220","CLINICAL","ANY","3834"
"25223","CLINICAL","ANY","3834"
"25225","CLINICAL","ANY","3834"
"25273","CLINICAL","ANY","3834"
"25277","CLINICAL","ANY","3834"
"25312","CLINICAL","ANY","3834"
"25314","CLINICAL","ANY","3834"
"25316","CLINICAL","ANY","3834"
"25319","CLINICAL","ANY","3834"
"25324","CLINICAL","ANY","3834"
"25333","TREATMENT","ANY","3834"
"25340","CLINICAL","ANY","3834"
"25342","CLINICAL","ANY","3834"
"25350","CLINICAL","ANY","3834"
"25352","CLINICAL","ANY","3834"
"25354","CLINICAL","ANY","3834"
"25367","CLINICAL","ANY","3834"
"25369","CLINICAL","ANY","3834"
"25414","CLINICAL","ANY","3834"
"25416","CLINICAL","ANY","3834"
"25434","CLINICAL","ANY","3834"
"25452","TREATMENT","ANY","3834"
"25453","CLINICAL","ANY","3834"
"25471","CLINICAL","ANY","3834"
"25495","CLINICAL","ANY","3834"
"25498","CLINICAL","ANY","3834"
"25499","CLINICAL","ANY","3834"
"25501","CLINICAL","ANY","3834"
"25504","CLINICAL","ANY","3834"
"25506","CLINICAL","ANY","3834"
"25508","CLINICAL","ANY","3834"
"25510","CLINICAL","ANY","3834"
"25552","CLINICAL","ANY","3834"
"25555","CLINICAL","ANY","3834"
"25559","CLINICAL","ANY","3834"
"25561","CLINICAL","ANY","3834"
"25576","CLINICAL","ANY","3834"
"25578","CLINICAL","ANY","3834"
"25580","CLINICAL","ANY","3834"
"25583","CLINICAL","ANY","3834"
"25596","CLINICAL","ANY","3834"
"25626","CLINICAL","ANY","3834"
"25631","CLINICAL","ANY","3834"
"25659","CLINICAL","ANY","3834"
"25666","CLINICAL","ANY","3834"
"25667","CLINICAL","ANY","3834"
"25697","CLINICAL","ANY","3834"
"25725","CLINICAL","ANY","3834"
"25742","CLINICAL","ANY","3834"
"25752","CLINICAL","ANY","3834"
"25832","CLINICAL","ANY","3834"
"25846","CLINICAL","ANY","3834"
"25848","CLINICAL","ANY","3834"
"25850","CLINICAL","ANY","3834"
"25852","CLINICAL","ANY","3834"
"25890","CLINICAL","ANY","3834"
"25892","CLINICAL","ANY","3834"
"25894","CLINICAL","ANY","3834"
"25914","CLINICAL","ANY","3834"
"25916","CLINICAL","ANY","3834"
"25922","TREATMENT","ANY","3834"
"25923","CLINICAL","ANY","3834"
"25973","CLINICAL","ANY","3834"
"25996","CLINICAL","ANY","3834"
"25998","CLINICAL","ANY","3834"
"26000","CLINICAL","ANY","3834"
"26002","CLINICAL","ANY","3834"
"26011","CLINICAL","ANY","3834"
"26013","CLINICAL","ANY","3834"
"26018","CLINICAL","ANY","3834"
"26076","CLINICAL","ANY","3834"
"26080","TREATMENT","ANY","3834"
"26083","POPULATION","ANY","3834"
"26164","TREATMENT","ANY","3834"
"26166","CLINICAL","ANY","3834"
"26167","CLINICAL","ANY","3834"
"26171","CLINICAL","ANY","3834"
"26275","CLINICAL","ANY","3834"
"26331","CLINICAL","ANY","3834"
"26354","CLINICAL","ANY","3834"
"26356","CLINICAL","ANY","3834"
"26367","TREATMENT","ANY","3834"
"26373","CLINICAL","ANY","3834"
"26377","CLINICAL","ANY","3834"
"26382","CLINICAL","ANY","3834"
"26393","CLINICAL","ANY","3834"
"26398","CLINICAL","ANY","3834"
"26403","CLINICAL","ANY","3834"
"26410","CLINICAL","ANY","3834"
"26412","CLINICAL","ANY","3834"
"26414","CLINICAL","ANY","3834"
"26439","CLINICAL","ANY","3834"
"26446","CLINICAL","ANY","3834"
"26448","CLINICAL","ANY","3834"
"26451","CLINICAL","ANY","3834"
"26468","CLINICAL","ANY","3834"
"26471","CLINICAL","ANY","3834"
"26473","CLINICAL","ANY","3834"
"26475","CLINICAL","ANY","3834"
"26479","CLINICAL","ANY","3834"
"26482","CLINICAL","ANY","3834"
"26485","CLINICAL","ANY","3834"
"26487","CLINICAL","ANY","3834"
"26489","CLINICAL","ANY","3834"
"26491","TREATMENT","ANY","3834"
"26512","CLINICAL","ANY","3834"
"26514","CLINICAL","ANY","3834"
"26516","CLINICAL","ANY","3834"
"26518","CLINICAL","ANY","3834"
"26520","CLINICAL","ANY","3834"
"26522","CLINICAL","ANY","3834"
"26526","CLINICAL","ANY","3834"
"26527","CLINICAL","ANY","3834"
"26530","CLINICAL","ANY","3834"
"26532","CLINICAL","ANY","3834"
"26551","CLINICAL","ANY","3834"
"26575","CLINICAL","ANY","3834"
"26580","CLINICAL","ANY","3834"
"26586","CLINICAL","ANY","3834"
"26588","CLINICAL","ANY","3834"
"26592","CLINICAL","ANY","3834"
"26593","CLINICAL","ANY","3834"
"26594","CLINICAL","ANY","3834"
"26611","CLINICAL","ANY","3834"
"26622","CLINICAL","ANY","3834"
"26626","CLINICAL","ANY","3834"
"26656","CLINICAL","ANY","3834"
"26674","CLINICAL","ANY","3834"
"26679","TREATMENT","ANY","3834"
"26693","TREATMENT","ANY","3834"
"26699","TREATMENT","ANY","3834"
"26712","CLINICAL","ANY","3834"
"26715","CLINICAL","ANY","3834"
"26717","CLINICAL","ANY","3834"
"26720","CLINICAL","ANY","3834"
"26722","CLINICAL","ANY","3834"
"26724","TREATMENT","ANY","3834"
"26726","POPULATION","ANY","3834"
"26728","CLINICAL","ANY","3834"
"26773","CLINICAL","ANY","3834"
"26775","CLINICAL","ANY","3834"
"26795","CLINICAL","ANY","3834"
"26838","TREATMENT","ANY","3834"
"26840","CLINICAL","ANY","3834"
"26845","CLINICAL","ANY","3834"
"26866","CLINICAL","ANY","3834"
"26899","TREATMENT","ANY","3834"
"26902","CLINICAL","ANY","3834"
"26911","CLINICAL","ANY","3834"
"26922","CLINICAL","ANY","3834"
"26924","CLINICAL","ANY","3834"
"26931","CLINICAL","ANY","3834"
"26935","CLINICAL","ANY","3834"
"26942","CLINICAL","ANY","3834"
"27001","CLINICAL","ANY","3834"
"27009","CLINICAL","ANY","3834"
"27053","CLINICAL","ANY","3834"
"27055","CLINICAL","ANY","3834"
"27057","CLINICAL","ANY","3834"
"27060","CLINICAL","ANY","3834"
"27073","CLINICAL","ANY","3834"
"27075","CLINICAL","ANY","3834"
"27077","CLINICAL","ANY","3834"
"27086","CLINICAL","ANY","3834"
"27091","CLINICAL","ANY","3834"
"27152","CLINICAL","ANY","3834"
"27154","CLINICAL","ANY","3834"
"27156","CLINICAL","ANY","3834"
"27161","TREATMENT","ANY","3834"
"27163","CLINICAL","ANY","3834"
"27166","CLINICAL","ANY","3834"
"27168","CLINICAL","ANY","3834"
"27169","CLINICAL","ANY","3834"
"27172","CLINICAL","ANY","3834"
"27173","CLINICAL","ANY","3834"
"27228","CLINICAL","ANY","3834"
"27230","TREATMENT","ANY","3834"
"27232","TREATMENT","ANY","3834"
"27234","TREATMENT","ANY","3834"
"27238","CLINICAL","ANY","3834"
"27240","TREATMENT","ANY","3834"
"27242","TREATMENT","ANY","3834"
"27244","POPULATION","ANY","3834"
"27248","POPULATION","ANY","3834"
"27250","TREATMENT","ANY","3834"
"27267","CLINICAL","ANY","3834"
"27268","CLINICAL","ANY","3834"
"27274","CLINICAL","ANY","3834"
"27321","CLINICAL","ANY","3834"
"27323","TREATMENT","ANY","3834"
"27347","CLINICAL","ANY","3834"
"27350","CLINICAL","ANY","3834"
"27352","CLINICAL","ANY","3834"
"27366","CLINICAL","ANY","3834"
"27379","CLINICAL","ANY","3834"
"27381","CLINICAL","ANY","3834"
"27388","CLINICAL","ANY","3834"
"27406","CLINICAL","ANY","3834"
"27407","CLINICAL","ANY","3834"
"27414","CLINICAL","ANY","3834"
"27433","CLINICAL","ANY","3834"
"27434","CLINICAL","ANY","3834"
"27481","CLINICAL","ANY","3834"
"27483","CLINICAL","ANY","3834"
"27492","TREATMENT","ANY","3834"
"27497","CLINICAL","ANY","3834"
"27508","CLINICAL","ANY","3834"
"27520","CLINICAL","ANY","3834"
"27521","TREATMENT","ANY","3834"
"27541","CLINICAL","ANY","3834"
"27543","CLINICAL","ANY","3834"
"27560","CLINICAL","ANY","3834"
"27580","CLINICAL","ANY","3834"
"27583","CLINICAL","ANY","3834"
"27587","TREATMENT","ANY","3834"
"27591","CLINICAL","ANY","3834"
"27593","CLINICAL","ANY","3834"
"27598","CLINICAL","ANY","3834"
"27600","CLINICAL","ANY","3834"
"27604","CLINICAL","ANY","3834"
"27607","TREATMENT","ANY","3834"
"27612","CLINICAL","ANY","3834"
"27618","CLINICAL","ANY","3834"
"27646","CLINICAL","ANY","3834"
"27651","CLINICAL","ANY","3834"
"27653","CLINICAL","ANY","3834"
"27658","CLINICAL","ANY","3834"
"27660","CLINICAL","ANY","3834"
"27663","CLINICAL","ANY","3834"
"27723","CLINICAL","ANY","3834"
"27761","CLINICAL","ANY","3834"
"27763","CLINICAL","ANY","3834"
"27765","CLINICAL","ANY","3834"
"27767","TREATMENT","ANY","3834"
"27769","TREATMENT","ANY","3834"
"27771","POPULATION","ANY","3834"
"27776","CLINICAL","ANY","3834"
"27778","CLINICAL","ANY","3834"
"27782","TREATMENT","ANY","3834"
"27800","CLINICAL","ANY","3834"
"27803","CLINICAL","ANY","3834"
"27806","CLINICAL","ANY","3834"
"27849","CLINICAL","ANY","3834"
"27867","CLINICAL","ANY","3834"
"27870","CLINICAL","ANY","3834"
"27874","CLINICAL","ANY","3834"
"27876","CLINICAL","ANY","3834"
"27877","CLINICAL","ANY","3834"
"27880","CLINICAL","ANY","3834"
"27882","TREATMENT","ANY","3834"
"27884","TREATMENT","ANY","3834"
"27889","CLINICAL","ANY","3834"
"27895","TREATMENT","ANY","3834"
"27897","CLINICAL","ANY","3834"
"27900","CLINICAL","ANY","3834"
"27912","TREATMENT","ANY","3834"
"27946","POPULATION","ANY","3834"
"27949","POPULATION","ANY","3834"
"27957","TREATMENT","ANY","3834"
"27959","TREATMENT","ANY","3834"
"27961","CLINICAL","ANY","3834"
"27963","CLINICAL","ANY","3834"
"27964","CLINICAL","ANY","3834"
"27968","TREATMENT","ANY","3834"
"27982","TREATMENT","ANY","3834"
"28020","CLINICAL","ANY","3834"
"28039","CLINICAL","ANY","3834"
"28042","CLINICAL","ANY","3834"
"28049","TREATMENT","ANY","3834"
"28050","CLINICAL","ANY","3834"
"28052","TREATMENT","ANY","3834"
"28054","CLINICAL","ANY","3834"
"28056","CLINICAL","ANY","3834"
"28058","CLINICAL","ANY","3834"
"28061","CLINICAL","ANY","3834"
"28063","CLINICAL","ANY","3834"
"28065","CLINICAL","ANY","3834"
"28069","CLINICAL","ANY","3834"
"28071","TREATMENT","ANY","3834"
"28076","CLINICAL","ANY","3834"
"28080","CLINICAL","ANY","3834"
"28083","CLINICAL","ANY","3834"
"28085","TREATMENT","ANY","3834"
"28090","CLINICAL","ANY","3834"
"28102","CLINICAL","ANY","3834"
"28120","CLINICAL","ANY","3834"
"28122","CLINICAL","ANY","3834"
"28140","CLINICAL","ANY","3834"
"28144","CLINICAL","ANY","3834"
"28146","CLINICAL","ANY","3834"
"28148","CLINICAL","ANY","3834"
"28150","CLINICAL","ANY","3834"
"28153","CLINICAL","ANY","3834"
"28155","CLINICAL","ANY","3834"
"28157","CLINICAL","ANY","3834"
"28162","CLINICAL","ANY","3834"
"28166","CLINICAL","ANY","3834"
"28168","CLINICAL","ANY","3834"
"28170","CLINICAL","ANY","3834"
"28173","CLINICAL","ANY","3834"
"28174","CLINICAL","ANY","3834"
"28177","CLINICAL","ANY","3834"
"28200","CLINICAL","ANY","3834"
"28202","CLINICAL","ANY","3834"
"28221","TREATMENT","ANY","3834"
"28223","TREATMENT","ANY","3834"
"28227","TREATMENT","ANY","3834"
"28230","CLINICAL","ANY","3834"
"28241","CLINICAL","ANY","3834"
"28249","CLINICAL","ANY","3834"
"28251","TREATMENT","ANY","3834"
"28273","CLINICAL","ANY","3834"
"28277","CLINICAL","ANY","3834"
"28280","CLINICAL","ANY","3834"
"28283","TREATMENT","ANY","3834"
"28285","TREATMENT","ANY","3834"
"28306","CLINICAL","ANY","3834"
"28308","TREATMENT","ANY","3834"
"28311","TREATMENT","ANY","3834"
"28313","TREATMENT","ANY","3834"
"28315","TREATMENT","ANY","3834"
"28318","CLINICAL","ANY","3834"
"28320","CLINICAL","ANY","3834"
"28322","TREATMENT","ANY","3834"
"28341","CLINICAL","ANY","3834"
"28343","CLINICAL","ANY","3834"
"28345","CLINICAL","ANY","3834"
"28351","CLINICAL","ANY","3834"
"28355","CLINICAL","ANY","3834"
"28357","CLINICAL","ANY","3834"
"28361","CLINICAL","ANY","3834"
"28362","TREATMENT","ANY","3834"
"28365","CLINICAL","ANY","3834"
"28367","CLINICAL","ANY","3834"
"28369","CLINICAL","ANY","3834"
"28372","CLINICAL","ANY","3834"
"28375","CLINICAL","ANY","3834"
"28382","TREATMENT","ANY","3834"
"28386","CLINICAL","ANY","3834"
"28388","CLINICAL","ANY","3834"
"28394","CLINICAL","ANY","3834"
"28398","CLINICAL","ANY","3834"
"28413","CLINICAL","ANY","3834"
"28415","CLINICAL","ANY","3834"
"28418","CLINICAL","ANY","3834"
"28421","CLINICAL","ANY","3834"
"28423","CLINICAL","ANY","3834"
"28425","CLINICAL","ANY","3834"
"28427","CLINICAL","ANY","3834"
"28429","CLINICAL","ANY","3834"
"28437","CLINICAL","ANY","3834"
"28442","CLINICAL","ANY","3834"
"28444","CLINICAL","ANY","3834"
"28452","CLINICAL","ANY","3834"
"28454","CLINICAL","ANY","3834"
"28460","CLINICAL","ANY","3834"
"28462","CLINICAL","ANY","3834"
"28464","CLINICAL","ANY","3834"
"28472","CLINICAL","ANY","3834"
"28476","CLINICAL","ANY","3834"
"28478","CLINICAL","ANY","3834"
"28485","CLINICAL","ANY","3834"
"28487","CLINICAL","ANY","3834"
"28491","CLINICAL","ANY","3834"
"28495","CLINICAL","ANY","3834"
"28498","CLINICAL","ANY","3834"
"28499","CLINICAL","ANY","3834"
"28502","CLINICAL","ANY","3834"
"28503","CLINICAL","ANY","3834"
"28520","CLINICAL","ANY","3834"
"28522","CLINICAL","ANY","3834"
"28524","CLINICAL","ANY","3834"
"28527","CLINICAL","ANY","3834"
"28529","CLINICAL","ANY","3834"
"28531","CLINICAL","ANY","3834"
"28533","CLINICAL","ANY","3834"
"28535","CLINICAL","ANY","3834"
"28537","CLINICAL","ANY","3834"
"28539","CLINICAL","ANY","3834"
"28541","CLINICAL","ANY","3834"
"28545","CLINICAL","ANY","3834"
"28547","CLINICAL","ANY","3834"
"28549","CLINICAL","ANY","3834"
"28555","CLINICAL","ANY","3834"
"28556","CLINICAL","ANY","3834"
"28560","CLINICAL","ANY","3834"
"28562","CLINICAL","ANY","3834"
"28565","CLINICAL","ANY","3834"
"28567","CLINICAL","ANY","3834"
"28569","CLINICAL","ANY","3834"
"28572","CLINICAL","ANY","3834"
"28573","CLINICAL","ANY","3834"
"28575","CLINICAL","ANY","3834"
"28580","CLINICAL","ANY","3834"
"28582","CLINICAL","ANY","3834"
"28587","CLINICAL","ANY","3834"
"28589","CLINICAL","ANY","3834"
"28593","CLINICAL","ANY","3834"
"28596","CLINICAL","ANY","3834"
"28629","CLINICAL","ANY","3834"
"28636","CLINICAL","ANY","3834"
"28642","CLINICAL","ANY","3834"
"28644","CLINICAL","ANY","3834"
"28658","CLINICAL","ANY","3834"
"28660","CLINICAL","ANY","3834"
"28662","CLINICAL","ANY","3834"
"28669","CLINICAL","ANY","3834"
"28671","CLINICAL","ANY","3834"
"28673","CLINICAL","ANY","3834"
"28679","TREATMENT","ANY","3834"
"28683","TREATMENT","ANY","3834"
"28685","TREATMENT","ANY","3834"
"28689","CLINICAL","ANY","3834"
"28701","CLINICAL","ANY","3834"
"28703","CLINICAL","ANY","3834"
"28726","CLINICAL","ANY","3834"
"28728","TREATMENT","ANY","3834"
"28745","CLINICAL","ANY","3834"
"28748","CLINICAL","ANY","3834"
"28750","CLINICAL","ANY","3834"
"28752","CLINICAL","ANY","3834"
"28757","CLINICAL","ANY","3834"
"28762","CLINICAL","ANY","3834"
"28767","CLINICAL","ANY","3834"
"28772","CLINICAL","ANY","3834"
"28773","CLINICAL","ANY","3834"
"28776","CLINICAL","ANY","3834"
"28781","CLINICAL","ANY","3834"
"28791","CLINICAL","ANY","3834"
"28794","CLINICAL","ANY","3834"
"28796","TREATMENT","ANY","3834"
"28799","TREATMENT","ANY","3834"
"28800","POPULATION","ANY","3834"
"28802","TREATMENT","ANY","3834"
"28804","POPULATION","ANY","3834"
"28807","POPULATION","ANY","3834"
"28809","CLINICAL","ANY","3834"
"28811","TREATMENT","ANY","3834"
"28814","TREATMENT","ANY","3834"
"28816","TREATMENT","ANY","3834"
"28821","CLINICAL","ANY","3834"
"28826","CLINICAL","ANY","3834"
"28828","TREATMENT","ANY","3834"
"28831","POPULATION","ANY","3834"
"28836","POPULATION","ANY","3834"
"28850","CLINICAL","ANY","3834"
"28852","CLINICAL","ANY","3834"
"28854","CLINICAL","ANY","3834"
"28867","CLINICAL","ANY","3834"
"28879","CLINICAL","ANY","3834"
"28883","CLINICAL","ANY","3834"
"28901","CLINICAL","ANY","3834"
"28903","TREATMENT","ANY","3834"
"28945","CLINICAL","ANY","3834"
"29002","CLINICAL","ANY","3834"
"29006","CLINICAL","ANY","3834"
"29008","TREATMENT","ANY","3834"
"29010","POPULATION","ANY","3834"
"29015","CLINICAL","ANY","3834"
"29018","TREATMENT","ANY","3834"
"29020","CLINICAL","ANY","3834"
"29047","CLINICAL","ANY","3834"
"29049","TREATMENT","ANY","3834"
"29057","TREATMENT","ANY","3834"
"29059","TREATMENT","ANY","3834"
"29069","TREATMENT","ANY","3834"
"29072","CLINICAL","ANY","3834"
"29095","CLINICAL","ANY","3834"
"29098","CLINICAL","ANY","3834"
"29104","CLINICAL","ANY","3834"
"29149","CLINICAL","ANY","3834"
"29151","TREATMENT","ANY","3834"
"29155","CLINICAL","ANY","3834"
"29180","CLINICAL","ANY","3834"
"29183","CLINICAL","ANY","3834"
"29187","CLINICAL","ANY","3834"
"29192","CLINICAL","ANY","3834"
"29215","POPULATION","ANY","3834"
"29226","CLINICAL","ANY","3834"
"29228","CLINICAL","ANY","3834"
"29241","CLINICAL","ANY","3834"
"29249","CLINICAL","ANY","3834"
"29251","CLINICAL","ANY","3834"
"29253","CLINICAL","ANY","3834"
"29256","CLINICAL","ANY","3834"
"29267","CLINICAL","ANY","3834"
"29270","TREATMENT","ANY","3834"
"29274","CLINICAL","ANY","3834"
"29319","CLINICAL","ANY","3834"
"29320","CLINICAL","ANY","3834"
"29328","CLINICAL","ANY","3834"
"29330","POPULATION","ANY","3834"
"29333","POPULATION","ANY","3834"
"29337","POPULATION","ANY","3834"
"29340","CLINICAL","ANY","3834"
"29342","CLINICAL","ANY","3834"
"29344","CLINICAL","ANY","3834"
"29346","CLINICAL","ANY","3834"
"29348","CLINICAL","ANY","3834"
"29351","CLINICAL","ANY","3834"
"29354","CLINICAL","ANY","3834"
"29356","CLINICAL","ANY","3834"
"29360","CLINICAL","ANY","3834"
"29363","CLINICAL","ANY","3834"
"29365","CLINICAL","ANY","3834"
"29367","CLINICAL","ANY","3834"
"29370","TREATMENT","ANY","3834"
"29372","POPULATION","ANY","3834"
"29375","CLINICAL","ANY","3834"
"29380","CLINICAL","ANY","3834"
"29382","CLINICAL","ANY","3834"
"29384","TREATMENT","ANY","3834"
"29386","TREATMENT","ANY","3834"
"29417","CLINICAL","ANY","3834"
"29440","CLINICAL","ANY","3834"
"29443","CLINICAL","ANY","3834"
"29455","TREATMENT","ANY","3834"
"29465","CLINICAL","ANY","3834"
"29467","TREATMENT","ANY","3834"
"29472","CLINICAL","ANY","3834"
"29475","CLINICAL","ANY","3834"
"29477","TREATMENT","ANY","3834"
"29501","POPULATION","ANY","3834"
"29503","POPULATION","ANY","3834"
"29506","TREATMENT","ANY","3834"
"29508","TREATMENT","ANY","3834"
"29514","POPULATION","ANY","3834"
"29516","POPULATION","ANY","3834"
"29519","TREATMENT","ANY","3834"
"29524","CLINICAL","ANY","3834"
"29540","CLINICAL","ANY","3834"
"29571","CLINICAL","ANY","3834"
"29573","CLINICAL","ANY","3834"
"29575","CLINICAL","ANY","3834"
"29577","CLINICAL","ANY","3834"
"29601","CLINICAL","ANY","3834"
"29603","CLINICAL","ANY","3834"
"29607","TREATMENT","ANY","3834"
"29615","CLINICAL","ANY","3834"
"29617","CLINICAL","ANY","3834"
"29619","CLINICAL","ANY","3834"
"29621","TREATMENT","ANY","3834"
"29623","TREATMENT","ANY","3834"
"29630","TREATMENT","ANY","3834"
"29636","TREATMENT","ANY","3834"
"29648","TREATMENT","ANY","3834"
"29650","CLINICAL","ANY","3834"
"29652","TREATMENT","ANY","3834"
"29654","CLINICAL","ANY","3834"
"29655","CLINICAL","ANY","3834"
"29660","CLINICAL","ANY","3834"
"29663","CLINICAL","ANY","3834"
"29668","TREATMENT","ANY","3834"
"29670","TREATMENT","ANY","3834"
"29679","CLINICAL","ANY","3834"
"29702","TREATMENT","ANY","3834"
"29704","TREATMENT","ANY","3834"
"29708","CLINICAL","ANY","3834"
"29710","TREATMENT","ANY","3834"
"29714","CLINICAL","ANY","3834"
"29716","CLINICAL","ANY","3834"
"29740","CLINICAL","ANY","3834"
"29750","CLINICAL","ANY","3834"
"29776","CLINICAL","ANY","3834"
"29781","CLINICAL","ANY","3834"
"29802","CLINICAL","ANY","3834"
"29804","CLINICAL","ANY","3834"
"29812","CLINICAL","ANY","3834"
"29823","POPULATION","ANY","3834"
"29825","CLINICAL","ANY","3834"
"29827","CLINICAL","ANY","3834"
"29829","CLINICAL","ANY","3834"
"29831","CLINICAL","ANY","3834"
"29835","TREATMENT","ANY","3834"
"29837","CLINICAL","ANY","3834"
"29861","TREATMENT","ANY","3834"
"29863","TREATMENT","ANY","3834"
"29885","POPULATION","ANY","3834"
"29888","POPULATION","ANY","3834"
"29895","CLINICAL","ANY","3834"
"29897","CLINICAL","ANY","3834"
"29899","CLINICAL","ANY","3834"
"29901","CLINICAL","ANY","3834"
"29903","CLINICAL","ANY","3834"
"29923","CLINICAL","ANY","3834"
"29924","CLINICAL","ANY","3834"
"29925","CLINICAL","ANY","3834"
"29926","CLINICAL","ANY","3834"
"29927","CLINICAL","ANY","3834"
"29929","CLINICAL","ANY","3834"
"29938","CLINICAL","ANY","3834"
"29939","CLINICAL","ANY","3834"
"29940","CLINICAL","ANY","3834"
"29962","CLINICAL","ANY","3834"
"29965","CLINICAL","ANY","3834"
"29967","CLINICAL","ANY","3834"
"29969","CLINICAL","ANY","3834"
"29976","CLINICAL","ANY","3834"
"29979","CLINICAL","ANY","3834"
"29982","CLINICAL","ANY","3834"
"29984","CLINICAL","ANY","3834"
"29998","CLINICAL","ANY","3834"
"30021","CLINICAL","ANY","3834"
"30040","CLINICAL","ANY","3834"
"30043","CLINICAL","ANY","3834"
"30108","CLINICAL","ANY","3834"
"30110","CLINICAL","ANY","3834"
"30123","TREATMENT","ANY","3834"
"30125","TREATMENT","ANY","3834"
"30141","POPULATION","ANY","3834"
"30160","CLINICAL","ANY","3834"
"30228","CLINICAL","ANY","3834"
"30242","CLINICAL","ANY","3834"
"30244","CLINICAL","ANY","3834"
"30246","CLINICAL","ANY","3834"
"30251","CLINICAL","ANY","3834"
"30264","CLINICAL","ANY","3834"
"30268","CLINICAL","ANY","3834"
"30270","CLINICAL","ANY","3834"
"30278","CLINICAL","ANY","3834"
"30280","CLINICAL","ANY","3834"
"30282","TREATMENT","ANY","3834"
"30284","TREATMENT","ANY","3834"
"30305","CLINICAL","ANY","3834"
"30321","CLINICAL","ANY","3834"
"30323","CLINICAL","ANY","3834"
"30326","TREATMENT","ANY","3834"
"30328","CLINICAL","ANY","3834"
"30331","CLINICAL","ANY","3834"
"30337","CLINICAL","ANY","3834"
"30339","CLINICAL","ANY","3834"
"30343","CLINICAL","ANY","3834"
"30345","CLINICAL","ANY","3834"
"30382","CLINICAL","ANY","3834"
"30385","CLINICAL","ANY","3834"
"30387","CLINICAL","ANY","3834"
"30389","CLINICAL","ANY","3834"
"30391","CLINICAL","ANY","3834"
"30393","CLINICAL","ANY","3834"
"30397","CLINICAL","ANY","3834"
"30403","TREATMENT","ANY","3834"
"30411","CLINICAL","ANY","3834"
"30414","POPULATION","ANY","3834"
"30420","CLINICAL","ANY","3834"
"30422","CLINICAL","ANY","3834"
"30426","CLINICAL","ANY","3834"
"30431","CLINICAL","ANY","3834"
"30433","CLINICAL","ANY","3834"
"30435","CLINICAL","ANY","3834"
"30437","CLINICAL","ANY","3834"
"30439","TREATMENT","ANY","3834"
"30441","CLINICAL","ANY","3834"
"30449","CLINICAL","ANY","3834"
"30451","POPULATION","ANY","3834"
"30464","CLINICAL","ANY","3834"
"30466","CLINICAL","ANY","3834"
"30471","CLINICAL","ANY","3834"
"30474","CLINICAL","ANY","3834"
"30482","TREATMENT","ANY","3834"
"30487","CLINICAL","ANY","3834"
"30489","CLINICAL","ANY","3834"
"30491","POPULATION","ANY","3834"
"30494","TREATMENT","ANY","3834"
"30498","CLINICAL","ANY","3834"
"30500","TREATMENT","ANY","3834"
"30503","CLINICAL","ANY","3834"
"30521","CLINICAL","ANY","3834"
"30523","CLINICAL","ANY","3834"
"30526","TREATMENT","ANY","3834"
"30530","CLINICAL","ANY","3834"
"30535","CLINICAL","ANY","3834"
"30540","CLINICAL","ANY","3834"
"30547","CLINICAL","ANY","3834"
"30580","CLINICAL","ANY","3834"
"30582","CLINICAL","ANY","3834"
"30584","CLINICAL","ANY","3834"
"30586","CLINICAL","ANY","3834"
"30588","CLINICAL","ANY","3834"
"30590","CLINICAL","ANY","3834"
"30592","CLINICAL","ANY","3834"
"30597","CLINICAL","ANY","3834"
"30604","CLINICAL","ANY","3834"
"30606","CLINICAL","ANY","3834"
"30636","CLINICAL","ANY","3834"
"30646","TREATMENT","ANY","3834"
"30661","CLINICAL","ANY","3834"
"30684","CLINICAL","ANY","3834"
"30690","CLINICAL","ANY","3834"
"30711","CLINICAL","ANY","3834"
"30717","CLINICAL","ANY","3834"
"30720","CLINICAL","ANY","3834"
"30722","CLINICAL","ANY","3834"
"30725","CLINICAL","ANY","3834"
"30726","CLINICAL","ANY","3834"
"30730","CLINICAL","ANY","3834"
"30741","CLINICAL","ANY","3834"
"30743","CLINICAL","ANY","3834"
"30745","CLINICAL","ANY","3834"
"30747","CLINICAL","ANY","3834"
"30749","CLINICAL","ANY","3834"
"30751","CLINICAL","ANY","3834"
"30762","CLINICAL","ANY","3834"
"30764","CLINICAL","ANY","3834"
"30766","CLINICAL","ANY","3834"
"30769","TREATMENT","ANY","3834"
"30842","POPULATION","ANY","3834"
"30844","CLINICAL","ANY","3834"
"30846","CLINICAL","ANY","3834"
"30848","CLINICAL","ANY","3834"
"30852","TREATMENT","ANY","3834"
"30860","TREATMENT","ANY","3834"
"30881","CLINICAL","ANY","3834"
"30883","CLINICAL","ANY","3834"
"30893","CLINICAL","ANY","3834"
"30899","CLINICAL","ANY","3834"
"30911","CLINICAL","ANY","3834"
"30915","CLINICAL","ANY","3834"
"30918","CLINICAL","ANY","3834"
"30920","CLINICAL","ANY","3834"
"30922","CLINICAL","ANY","3834"
"30924","CLINICAL","ANY","3834"
"30927","CLINICAL","ANY","3834"
"30930","CLINICAL","ANY","3834"
"30939","CLINICAL","ANY","3834"
"30953","CLINICAL","ANY","3834"
"30956","TREATMENT","ANY","3834"
"30973","CLINICAL","ANY","3834"
"30993","CLINICAL","ANY","3834"
"30995","CLINICAL","ANY","3834"
"30998","CLINICAL","ANY","3834"
"31001","CLINICAL","ANY","3834"
"31003","CLINICAL","ANY","3834"
"31005","CLINICAL","ANY","3834"
"31026","TREATMENT","ANY","3834"
"31031","CLINICAL","ANY","3834"
"31045","CLINICAL","ANY","3834"
"31066","CLINICAL","ANY","3834"
"31067","TREATMENT","ANY","3834"
"31069","CLINICAL","ANY","3834"
"31114","TREATMENT","ANY","3834"
"31121","TREATMENT","ANY","3834"
"31123","TREATMENT","ANY","3834"
"31125","TREATMENT","ANY","3834"
"31127","TREATMENT","ANY","3834"
"31130","TREATMENT","ANY","3834"
"31132","TREATMENT","ANY","3834"
"31152","TREATMENT","ANY","3834"
"31156","CLINICAL","ANY","3834"
"31162","CLINICAL","ANY","3834"
"31163","CLINICAL","ANY","3834"
"31166","CLINICAL","ANY","3834"
"31168","CLINICAL","ANY","3834"
"31170","CLINICAL","ANY","3834"
"31173","CLINICAL","ANY","3834"
"31176","CLINICAL","ANY","3834"
"31178","CLINICAL","ANY","3834"
"31180","CLINICAL","ANY","3834"
"31183","TREATMENT","ANY","3834"
"31187","CLINICAL","ANY","3834"
"31200","CLINICAL","ANY","3834"
"31213","CLINICAL","ANY","3834"
"31220","CLINICAL","ANY","3834"
"31223","CLINICAL","ANY","3834"
"31232","CLINICAL","ANY","3834"
"31234","CLINICAL","ANY","3834"
"31265","CLINICAL","ANY","3834"
"31267","CLINICAL","ANY","3834"
"31273","CLINICAL","ANY","3834"
"31275","CLINICAL","ANY","3834"
"31276","CLINICAL","ANY","3834"
"31281","CLINICAL","ANY","3834"
"31283","CLINICAL","ANY","3834"
"31285","CLINICAL","ANY","3834"
"31290","TREATMENT","ANY","3834"
"31292","CLINICAL","ANY","3834"
"31293","CLINICAL","ANY","3834"
"31298","CLINICAL","ANY","3834"
"31303","CLINICAL","ANY","3834"
"31313","CLINICAL","ANY","3834"
"31315","CLINICAL","ANY","3834"
"31317","TREATMENT","ANY","3834"
"31320","TREATMENT","ANY","3834"
"31335","CLINICAL","ANY","3834"
"31339","CLINICAL","ANY","3834"
"31343","CLINICAL","ANY","3834"
"31345","CLINICAL","ANY","3834"
"31353","CLINICAL","ANY","3834"
"31355","CLINICAL","ANY","3834"
"31357","CLINICAL","ANY","3834"
"31362","POPULATION","ANY","3834"
"31367","CLINICAL","ANY","3834"
"31368","CLINICAL","ANY","3834"
"31378","CLINICAL","ANY","3834"
"31380","CLINICAL","ANY","3834"
"31383","POPULATION","ANY","3834"
"31396","CLINICAL","ANY","3834"
"31398","CLINICAL","ANY","3834"
"31401","CLINICAL","ANY","3834"
"31409","CLINICAL","ANY","3834"
"31416","CLINICAL","ANY","3834"
"31422","TREATMENT","ANY","3834"
"31425","TREATMENT","ANY","3834"
"31427","CLINICAL","ANY","3834"
"31429","CLINICAL","ANY","3834"
"31452","CLINICAL","ANY","3834"
"31454","TREATMENT","ANY","3834"
"31456","TREATMENT","ANY","3834"
"31461","CLINICAL","ANY","3834"
"31467","CLINICAL","ANY","3834"
"31473","CLINICAL","ANY","3834"
"31475","CLINICAL","ANY","3834"
"31477","CLINICAL","ANY","3834"
"31486","CLINICAL","ANY","3834"
"31488","CLINICAL","ANY","3834"
"31490","CLINICAL","ANY","3834"
"31492","CLINICAL","ANY","3834"
"31499","CLINICAL","ANY","3834"
"31501","CLINICAL","ANY","3834"
"31504","CLINICAL","ANY","3834"
"31506","CLINICAL","ANY","3834"
"31512","CLINICAL","ANY","3834"
"31514","CLINICAL","ANY","3834"
"31519","CLINICAL","ANY","3834"
"31521","CLINICAL","ANY","3834"
"31524","CLINICAL","ANY","3834"
"31526","CLINICAL","ANY","3834"
"31528","CLINICAL","ANY","3834"
"31530","CLINICAL","ANY","3834"
"31548","CLINICAL","ANY","3834"
"31550","CLINICAL","ANY","3834"
"31553","CLINICAL","ANY","3834"
"31557","CLINICAL","ANY","3834"
"31562","CLINICAL","ANY","3834"
"31565","CLINICAL","ANY","3834"
"31569","CLINICAL","ANY","3834"
"31571","CLINICAL","ANY","3834"
"31572","CLINICAL","ANY","3834"
"31580","CLINICAL","ANY","3834"
"31582","CLINICAL","ANY","3834"
"31587","CLINICAL","ANY","3834"
"31613","CLINICAL","ANY","3834"
"31642","CLINICAL","ANY","3834"
"31645","CLINICAL","ANY","3834"
"31647","CLINICAL","ANY","3834"
"31649","CLINICAL","ANY","3834"
"31651","TREATMENT","ANY","3834"
"31656","CLINICAL","ANY","3834"
"31658","CLINICAL","ANY","3834"
"31724","CLINICAL","ANY","3834"
"31744","CLINICAL","ANY","3834"
"31782","TREATMENT","ANY","3834"
"31784","CLINICAL","ANY","3834"
"31792","CLINICAL","ANY","3834"
"31794","CLINICAL","ANY","3834"
"31798","CLINICAL","ANY","3834"
"31804","CLINICAL","ANY","3834"
"31806","CLINICAL","ANY","3834"
"31808","CLINICAL","ANY","3834"
"31810","CLINICAL","ANY","3834"
"31814","TREATMENT","ANY","3834"
"31820","POPULATION","ANY","3834"
"31822","CLINICAL","ANY","3834"
"31824","CLINICAL","ANY","3834"
"31832","POPULATION","ANY","3834"
"31834","CLINICAL","ANY","3834"
"31836","TREATMENT","ANY","3834"
"31843","CLINICAL","ANY","3834"
"31845","CLINICAL","ANY","3834"
"31847","CLINICAL","ANY","3834"
"31849","CLINICAL","ANY","3834"
"31851","TREATMENT","ANY","3834"
"31863","CLINICAL","ANY","3834"
"31866","CLINICAL","ANY","3834"
"31868","CLINICAL","ANY","3834"
"31870","CLINICAL","ANY","3834"
"31872","CLINICAL","ANY","3834"
"31874","CLINICAL","ANY","3834"
"31876","CLINICAL","ANY","3834"
"31878","TREATMENT","ANY","3834"
"31882","CLINICAL","ANY","3834"
"31884","CLINICAL","ANY","3834"
"31887","CLINICAL","ANY","3834"
"31893","CLINICAL","ANY","3834"
"31894","CLINICAL","ANY","3834"
"31896","CLINICAL","ANY","3834"
"31898","CLINICAL","ANY","3834"
"31900","CLINICAL","ANY","3834"
"31905","CLINICAL","ANY","3834"
"31911","CLINICAL","ANY","3834"
"31913","CLINICAL","ANY","3834"
"31931","CLINICAL","ANY","3834"
"31940","CLINICAL","ANY","3834"
"31942","CLINICAL","ANY","3834"
"31944","CLINICAL","ANY","3834"
"31946","CLINICAL","ANY","3834"
"31948","CLINICAL","ANY","3834"
"31953","CLINICAL","ANY","3834"
"31965","TREATMENT","ANY","3834"
"31966","TREATMENT","ANY","3834"
"31974","CLINICAL","ANY","3834"
"31983","CLINICAL","ANY","3834"
"31985","CLINICAL","ANY","3834"
"31987","CLINICAL","ANY","3834"
"31989","CLINICAL","ANY","3834"
"31992","CLINICAL","ANY","3834"
"31994","CLINICAL","ANY","3834"
"31996","CLINICAL","ANY","3834"
"31998","TREATMENT","ANY","3834"
"32000","CLINICAL","ANY","3834"
"32004","POPULATION","ANY","3834"
"32008","CLINICAL","ANY","3834"
"32010","CLINICAL","ANY","3834"
"32012","CLINICAL","ANY","3834"
"32014","CLINICAL","ANY","3834"
"32016","TREATMENT","ANY","3834"
"32018","CLINICAL","ANY","3834"
"32020","CLINICAL","ANY","3834"
"32022","TREATMENT","ANY","3834"
"32053","CLINICAL","ANY","3834"
"32055","TREATMENT","ANY","3834"
"32065","CLINICAL","ANY","3834"
"32078","POPULATION","ANY","3834"
"32080","CLINICAL","ANY","3834"
"32114","CLINICAL","ANY","3834"
"32131","CLINICAL","ANY","3834"
"32135","CLINICAL","ANY","3834"
"32138","CLINICAL","ANY","3834"
"32152","CLINICAL","ANY","3834"
"32154","CLINICAL","ANY","3834"
"32156","CLINICAL","ANY","3834"
"32160","CLINICAL","ANY","3834"
"32170","TREATMENT","ANY","3834"
"32173","CLINICAL","ANY","3834"
"32176","CLINICAL","ANY","3834"
"32179","CLINICAL","ANY","3834"
"32181","CLINICAL","ANY","3834"
"32188","CLINICAL","ANY","3834"
"32190","CLINICAL","ANY","3834"
"32202","CLINICAL","ANY","3834"
"32206","CLINICAL","ANY","3834"
"32208","CLINICAL","ANY","3834"
"32209","CLINICAL","ANY","3834"
"32212","CLINICAL","ANY","3834"
"32215","CLINICAL","ANY","3834"
"32220","CLINICAL","ANY","3834"
"32225","CLINICAL","ANY","3834"
"32229","CLINICAL","ANY","3834"
"32232","CLINICAL","ANY","3834"
"32235","CLINICAL","ANY","3834"
"32240","CLINICAL","ANY","3834"
"32242","CLINICAL","ANY","3834"
"32246","CLINICAL","ANY","3834"
"32252","CLINICAL","ANY","3834"
"32255","CLINICAL","ANY","3834"
"32257","TREATMENT","ANY","3834"
"32263","CLINICAL","ANY","3834"
"32265","CLINICAL","ANY","3834"
"32267","CLINICAL","ANY","3834"
"32269","CLINICAL","ANY","3834"
"32271","CLINICAL","ANY","3834"
"32273","CLINICAL","ANY","3834"
"32275","TREATMENT","ANY","3834"
"32293","CLINICAL","ANY","3834"
"32303","CLINICAL","ANY","3834"
"32308","CLINICAL","ANY","3834"
"32331","CLINICAL","ANY","3834"
"32334","POPULATION","ANY","3834"
"32340","CLINICAL","ANY","3834"
"32342","POPULATION","ANY","3834"
"32351","POPULATION","ANY","3834"
"32353","CLINICAL","ANY","3834"
"32356","CLINICAL","ANY","3834"
"32358","CLINICAL","ANY","3834"
"32360","CLINICAL","ANY","3834"
"32362","TREATMENT","ANY","3834"
"32374","CLINICAL","ANY","3834"
"32376","CLINICAL","ANY","3834"
"32378","CLINICAL","ANY","3834"
"32380","TREATMENT","ANY","3834"
"32382","POPULATION","ANY","3834"
"32384","POPULATION","ANY","3834"
"32388","CLINICAL","ANY","3834"
"32390","CLINICAL","ANY","3834"
"32394","CLINICAL","ANY","3834"
"32396","CLINICAL","ANY","3834"
"32410","CLINICAL","ANY","3834"
"32415","CLINICAL","ANY","3834"
"32417","CLINICAL","ANY","3834"
"32419","TREATMENT","ANY","3834"
"32425","CLINICAL","ANY","3834"
"32427","CLINICAL","ANY","3834"
"32438","CLINICAL","ANY","3834"
"32440","TREATMENT","ANY","3834"
"32445","CLINICAL","ANY","3834"
"32448","CLINICAL","ANY","3834"
"32452","CLINICAL","ANY","3834"
"32455","CLINICAL","ANY","3834"
"32471","CLINICAL","ANY","3834"
"32475","CLINICAL","ANY","3834"
"32478","CLINICAL","ANY","3834"
"32480","CLINICAL","ANY","3834"
"32482","CLINICAL","ANY","3834"
"32484","TREATMENT","ANY","3834"
"32487","CLINICAL","ANY","3834"
"32490","CLINICAL","ANY","3834"
"32492","CLINICAL","ANY","3834"
"32494","CLINICAL","ANY","3834"
"32497","CLINICAL","ANY","3834"
"32499","CLINICAL","ANY","3834"
"32500","CLINICAL","ANY","3834"
"32511","TREATMENT","ANY","3834"
"32535","CLINICAL","ANY","3834"
"32550","CLINICAL","ANY","3834"
"32552","CLINICAL","ANY","3834"
"32554","CLINICAL","ANY","3834"
"32563","TREATMENT","ANY","3834"
"32568","CLINICAL","ANY","3834"
"32571","CLINICAL","ANY","3834"
"32573","CLINICAL","ANY","3834"
"32575","CLINICAL","ANY","3834"
"32578","CLINICAL","ANY","3834"
"32580","CLINICAL","ANY","3834"
"32584","CLINICAL","ANY","3834"
"32588","CLINICAL","ANY","3834"
"32591","CLINICAL","ANY","3834"
"32607","CLINICAL","ANY","3834"
"32609","CLINICAL","ANY","3834"
"32611","CLINICAL","ANY","3834"
"32614","CLINICAL","ANY","3834"
"32616","CLINICAL","ANY","3834"
"32624","TREATMENT","ANY","3834"
"32627","CLINICAL","ANY","3834"
"32660","CLINICAL","ANY","3834"
"32662","CLINICAL","ANY","3834"
"32665","CLINICAL","ANY","3834"
"32667","CLINICAL","ANY","3834"
"32682","CLINICAL","ANY","3834"
"32684","CLINICAL","ANY","3834"
"32686","CLINICAL","ANY","3834"
"32688","CLINICAL","ANY","3834"
"32690","CLINICAL","ANY","3834"
"32702","CLINICAL","ANY","3834"
"32707","CLINICAL","ANY","3834"
"32709","CLINICAL","ANY","3834"
"32713","CLINICAL","ANY","3834"
"32716","CLINICAL","ANY","3834"
"32717","CLINICAL","ANY","3834"
"32719","CLINICAL","ANY","3834"
"32723","CLINICAL","ANY","3834"
"32725","CLINICAL","ANY","3834"
"32726","CLINICAL","ANY","3834"
"32731","CLINICAL","ANY","3834"
"32733","CLINICAL","ANY","3834"
"32735","CLINICAL","ANY","3834"
"32750","CLINICAL","ANY","3834"
"32753","CLINICAL","ANY","3834"
"32756","CLINICAL","ANY","3834"
"32758","CLINICAL","ANY","3834"
"32779","CLINICAL","ANY","3834"
"32781","CLINICAL","ANY","3834"
"32785","CLINICAL","ANY","3834"
"32786","CLINICAL","ANY","3834"
"32793","CLINICAL","ANY","3834"
"32795","CLINICAL","ANY","3834"
"32801","CLINICAL","ANY","3834"
"32803","CLINICAL","ANY","3834"
"32805","CLINICAL","ANY","3834"
"32822","CLINICAL","ANY","3834"
"32824","CLINICAL","ANY","3834"
"32826","CLINICAL","ANY","3834"
"32829","CLINICAL","ANY","3834"
"32833","CLINICAL","ANY","3834"
"32835","CLINICAL","ANY","3834"
"32837","CLINICAL","ANY","3834"
"32839","CLINICAL","ANY","3834"
"32841","CLINICAL","ANY","3834"
"32846","TREATMENT","ANY","3834"
"32860","TREATMENT","ANY","3834"
"32862","CLINICAL","ANY","3834"
"32864","CLINICAL","ANY","3834"
"32899","CLINICAL","ANY","3834"
"32901","CLINICAL","ANY","3834"
"32909","CLINICAL","ANY","3834"
"32911","CLINICAL","ANY","3834"
"32913","CLINICAL","ANY","3834"
"32917","CLINICAL","ANY","3834"
"32919","CLINICAL","ANY","3834"
"32921","CLINICAL","ANY","3834"
"32923","TREATMENT","ANY","3834"
"32927","CLINICAL","ANY","3834"
"32929","CLINICAL","ANY","3834"
"32930","CLINICAL","ANY","3834"
"32938","CLINICAL","ANY","3834"
"32942","CLINICAL","ANY","3834"
"32944","CLINICAL","ANY","3834"
"32947","CLINICAL","ANY","3834"
"32951","CLINICAL","ANY","3834"
"32957","CLINICAL","ANY","3834"
"32959","CLINICAL","ANY","3834"
"32961","CLINICAL","ANY","3834"
"32963","CLINICAL","ANY","3834"
"32966","CLINICAL","ANY","3834"
"32968","CLINICAL","ANY","3834"
"32970","CLINICAL","ANY","3834"
"32976","CLINICAL","ANY","3834"
"32979","CLINICAL","ANY","3834"
"32981","CLINICAL","ANY","3834"
"32983","CLINICAL","ANY","3834"
"32985","CLINICAL","ANY","3834"
"32990","CLINICAL","ANY","3834"
"32992","CLINICAL","ANY","3834"
"32994","CLINICAL","ANY","3834"
"32996","CLINICAL","ANY","3834"
"33001","CLINICAL","ANY","3834"
"33004","CLINICAL","ANY","3834"
"33007","CLINICAL","ANY","3834"
"33009","CLINICAL","ANY","3834"
"33012","CLINICAL","ANY","3834"
"33015","CLINICAL","ANY","3834"
"33024","CLINICAL","ANY","3834"
"33027","CLINICAL","ANY","3834"
"33029","CLINICAL","ANY","3834"
"33032","CLINICAL","ANY","3834"
"33039","CLINICAL","ANY","3834"
"33042","CLINICAL","ANY","3834"
"33043","POPULATION","ANY","3834"
"33058","CLINICAL","ANY","3834"
"33060","CLINICAL","ANY","3834"
"33062","CLINICAL","ANY","3834"
"33067","TREATMENT","ANY","3834"
"33070","CLINICAL","ANY","3834"
"33072","CLINICAL","ANY","3834"
"33074","CLINICAL","ANY","3834"
"33082","CLINICAL","ANY","3834"
"33085","CLINICAL","ANY","3834"
"33094","CLINICAL","ANY","3834"
"33096","CLINICAL","ANY","3834"
"33098","CLINICAL","ANY","3834"
"33101","CLINICAL","ANY","3834"
"33104","CLINICAL","ANY","3834"
"33106","CLINICAL","ANY","3834"
"33108","CLINICAL","ANY","3834"
"33110","CLINICAL","ANY","3834"
"33112","CLINICAL","ANY","3834"
"33115","CLINICAL","ANY","3834"
"33117","CLINICAL","ANY","3834"
"33119","POPULATION","ANY","3834"
"33123","CLINICAL","ANY","3834"
"33129","CLINICAL","ANY","3834"
"33132","CLINICAL","ANY","3834"
"33135","CLINICAL","ANY","3834"
"33137","CLINICAL","ANY","3834"
"33139","CLINICAL","ANY","3834"
"33142","CLINICAL","ANY","3834"
"33145","TREATMENT","ANY","3834"
"33149","CLINICAL","ANY","3834"
"33152","CLINICAL","ANY","3834"
"33154","CLINICAL","ANY","3834"
"33157","CLINICAL","ANY","3834"
"33169","CLINICAL","ANY","3834"
"33179","CLINICAL","ANY","3834"
"33207","CLINICAL","ANY","3834"
"33209","CLINICAL","ANY","3834"
"33212","CLINICAL","ANY","3834"
"33214","CLINICAL","ANY","3834"
"33216","TREATMENT","ANY","3834"
"33218","CLINICAL","ANY","3834"
"33223","TREATMENT","ANY","3834"
"33225","TREATMENT","ANY","3834"
"33227","TREATMENT","ANY","3834"
"33232","CLINICAL","ANY","3834"
"33238","CLINICAL","ANY","3834"
"33241","CLINICAL","ANY","3834"
"33242","CLINICAL","ANY","3834"
"33245","CLINICAL","ANY","3834"
"33247","CLINICAL","ANY","3834"
"33249","CLINICAL","ANY","3834"
"33251","CLINICAL","ANY","3834"
"33257","TREATMENT","ANY","3834"
"33260","CLINICAL","ANY","3834"
"33276","TREATMENT","ANY","3834"
"33291","CLINICAL","ANY","3834"
"33293","CLINICAL","ANY","3834"
"33295","TREATMENT","ANY","3834"
"33297","CLINICAL","ANY","3834"
"33299","CLINICAL","ANY","3834"
"33317","CLINICAL","ANY","3834"
"33319","CLINICAL","ANY","3834"
"33321","CLINICAL","ANY","3834"
"33324","CLINICAL","ANY","3834"
"33326","TREATMENT","ANY","3834"
"33329","POPULATION","ANY","3834"
"33334","CLINICAL","ANY","3834"
"33343","CLINICAL","ANY","3834"
"33347","CLINICAL","ANY","3834"
"33360","CLINICAL","ANY","3834"
"33362","CLINICAL","ANY","3834"
"33365","CLINICAL","ANY","3834"
"33368","CLINICAL","ANY","3834"
"33373","CLINICAL","ANY","3834"
"33375","TREATMENT","ANY","3834"
"33380","CLINICAL","ANY","3834"
"33382","TREATMENT","ANY","3834"
"33398","CLINICAL","ANY","3834"
"33420","CLINICAL","ANY","3834"
"33423","CLINICAL","ANY","3834"
"33427","CLINICAL","ANY","3834"
"33432","CLINICAL","ANY","3834"
"33434","CLINICAL","ANY","3834"
"33436","CLINICAL","ANY","3834"
"33444","TREATMENT","ANY","3834"
"33448","CLINICAL","ANY","3834"
"33451","CLINICAL","ANY","3834"
"33453","CLINICAL","ANY","3834"
"33455","CLINICAL","ANY","3834"
"33457","CLINICAL","ANY","3834"
"33459","CLINICAL","ANY","3834"
"33462","CLINICAL","ANY","3834"
"33467","CLINICAL","ANY","3834"
"33473","CLINICAL","ANY","3834"
"33477","TREATMENT","ANY","3834"
"33479","CLINICAL","ANY","3834"
"33481","CLINICAL","ANY","3834"
"33483","CLINICAL","ANY","3834"
"33486","CLINICAL","ANY","3834"
"33500","CLINICAL","ANY","3834"
"33513","CLINICAL","ANY","3834"
"33523","CLINICAL","ANY","3834"
"33525","CLINICAL","ANY","3834"
"33527","TREATMENT","ANY","3834"
"33529","TREATMENT","ANY","3834"
"33533","CLINICAL","ANY","3834"
"33535","CLINICAL","ANY","3834"
"33537","CLINICAL","ANY","3834"
"33541","CLINICAL","ANY","3834"
"33545","POPULATION","ANY","3834"
"33548","CLINICAL","ANY","3834"
"33550","CLINICAL","ANY","3834"
"33552","CLINICAL","ANY","3834"
"33558","CLINICAL","ANY","3834"
"33560","CLINICAL","ANY","3834"
"33562","CLINICAL","ANY","3834"
"33564","CLINICAL","ANY","3834"
"33567","CLINICAL","ANY","3834"
"33569","TREATMENT","ANY","3834"
"33607","CLINICAL","ANY","3834"
"33609","TREATMENT","ANY","3834"
"33623","TREATMENT","ANY","3834"
"33626","CLINICAL","ANY","3834"
"33702","CLINICAL","ANY","3834"
"33722","CLINICAL","ANY","3834"
"33724","POPULATION","ANY","3834"
"33731","TREATMENT","ANY","3834"
"33736","CLINICAL","ANY","3834"
"33738","CLINICAL","ANY","3834"
"33740","CLINICAL","ANY","3834"
"33742","TREATMENT","ANY","3834"
"33748","CLINICAL","ANY","3834"
"33751","CLINICAL","ANY","3834"
"33761","CLINICAL","ANY","3834"
"33763","CLINICAL","ANY","3834"
"33765","CLINICAL","ANY","3834"
"33776","CLINICAL","ANY","3834"
"33780","CLINICAL","ANY","3834"
"33782","CLINICAL","ANY","3834"
"33790","CLINICAL","ANY","3834"
"33792","CLINICAL","ANY","3834"
"33800","CLINICAL","ANY","3834"
"33803","CLINICAL","ANY","3834"
"33805","CLINICAL","ANY","3834"
"33808","CLINICAL","ANY","3834"
"33815","CLINICAL","ANY","3834"
"33819","CLINICAL","ANY","3834"
"33821","CLINICAL","ANY","3834"
"33823","CLINICAL","ANY","3834"
"33832","CLINICAL","ANY","3834"
"33837","CLINICAL","ANY","3834"
"33840","CLINICAL","ANY","3834"
"33869","TREATMENT","ANY","3834"
"33872","CLINICAL","ANY","3834"
"33877","CLINICAL","ANY","3834"
"33883","CLINICAL","ANY","3834"
"33886","TREATMENT","ANY","3834"
"33889","CLINICAL","ANY","3834"
"33892","TREATMENT","ANY","3834"
"33894","TREATMENT","ANY","3834"
"33918","CLINICAL","ANY","3834"
"33922","CLINICAL","ANY","3834"
"33958","CLINICAL","ANY","3834"
"33961","CLINICAL","ANY","3834"
"33964","CLINICAL","ANY","3834"
"33969","CLINICAL","ANY","3834"
"33996","CLINICAL","ANY","3834"
"33998","CLINICAL","ANY","3834"
"34000","TREATMENT","ANY","3834"
"34002","CLINICAL","ANY","3834"
"34007","CLINICAL","ANY","3834"
"34014","CLINICAL","ANY","3834"
"34017","CLINICAL","ANY","3834"
"34023","CLINICAL","ANY","3834"
"34025","CLINICAL","ANY","3834"
"34027","CLINICAL","ANY","3834"
"34029","TREATMENT","ANY","3834"
"34039","CLINICAL","ANY","3834"
"34044","CLINICAL","ANY","3834"
"34055","CLINICAL","ANY","3834"
"34060","POPULATION","ANY","3834"
"34066","CLINICAL","ANY","3834"
"34068","CLINICAL","ANY","3834"
"34072","CLINICAL","ANY","3834"
"34076","CLINICAL","ANY","3834"
"34079","CLINICAL","ANY","3834"
"34080","CLINICAL","ANY","3834"
"34084","CLINICAL","ANY","3834"
"34088","CLINICAL","ANY","3834"
"34092","CLINICAL","ANY","3834"
"34094","CLINICAL","ANY","3834"
"34096","TREATMENT","ANY","3834"
"34099","CLINICAL","ANY","3834"
"34101","CLINICAL","ANY","3834"
"34105","TREATMENT","ANY","3834"
"34107","TREATMENT","ANY","3834"
"34110","CLINICAL","ANY","3834"
"34112","TREATMENT","ANY","3834"
"34114","TREATMENT","ANY","3834"
"34116","TREATMENT","ANY","3834"
"34118","TREATMENT","ANY","3834"
"34120","TREATMENT","ANY","3834"
"34155","TREATMENT","ANY","3834"
"34164","CLINICAL","ANY","3834"
"34201","CLINICAL","ANY","3834"
"34203","CLINICAL","ANY","3834"
"34205","CLINICAL","ANY","3834"
"34207","CLINICAL","ANY","3834"
"34211","CLINICAL","ANY","3834"
"34237","CLINICAL","ANY","3834"
"34244","POPULATION","ANY","3834"
"34248","CLINICAL","ANY","3834"
"34250","CLINICAL","ANY","3834"
"34251","CLINICAL","ANY","3834"
"34286","TREATMENT","ANY","3834"
"34306","CLINICAL","ANY","3834"
"34307","CLINICAL","ANY","3834"
"34310","CLINICAL","ANY","3834"
"34312","CLINICAL","ANY","3834"
"34327","CLINICAL","ANY","3834"
"34329","CLINICAL","ANY","3834"
"34331","TREATMENT","ANY","3834"
"34333","CLINICAL","ANY","3834"
"34334","CLINICAL","ANY","3834"
"34335","CLINICAL","ANY","3834"
"34337","CLINICAL","ANY","3834"
"34339","CLINICAL","ANY","3834"
"34341","TREATMENT","ANY","3834"
"34343","CLINICAL","ANY","3834"
"34346","CLINICAL","ANY","3834"
"34350","CLINICAL","ANY","3834"
"34352","CLINICAL","ANY","3834"
"34353","CLINICAL","ANY","3834"
"34356","CLINICAL","ANY","3834"
"34358","CLINICAL","ANY","3834"
"34363","CLINICAL","ANY","3834"
"34365","CLINICAL","ANY","3834"
"34369","CLINICAL","ANY","3834"
"34371","CLINICAL","ANY","3834"
"34373","CLINICAL","ANY","3834"
"34375","CLINICAL","ANY","3834"
"34377","CLINICAL","ANY","3834"
"34380","CLINICAL","ANY","3834"
"34381","CLINICAL","ANY","3834"
"34383","CLINICAL","ANY","3834"
"34385","CLINICAL","ANY","3834"
"34387","CLINICAL","ANY","3834"